{"textures":{"0":"modelengine:entity/crane"},"elements":[{"from":[7.257143,6.1142855,7.6571426],"to":[7.7714286,7.6571426,8.171429],"rotation":{"angle":0.0,"axis":"y","origin":[5.714286,14.857143,4.5714283]},"faces":{"east":{"uv":[4.75,11.5,5.0,12.25],"rotation":0,"texture":"#0","tintindex":0},"south":{"uv":[5.25,11.5,5.5,12.25],"rotation":0,"texture":"#0","tintindex":0},"north":{"uv":[4.5,11.5,4.75,12.25],"rotation":0,"texture":"#0","tintindex":0},"west":{"uv":[5.5,11.5,5.75,12.25],"rotation":0,"texture":"#0","tintindex":0},"up":{"uv":[12.5,11.5,12.25,11.25],"rotation":0,"texture":"#0","tintindex":0},"down":{"uv":[11.75,12.25,11.5,12.5],"rotation":0,"texture":"#0","tintindex":0}}},{"from":[7.257143,7.142857,8.171429],"to":[7.7714286,7.6571426,11.771429],"rotation":{"angle":0.0,"axis":"y","origin":[5.714286,14.857143,4.5714283]},"faces":{"east":{"uv":[9.25,7.75,11.0,8.0],"rotation":0,"texture":"#0","tintindex":0},"south":{"uv":[11.75,12.25,12.0,12.5],"rotation":0,"texture":"#0","tintindex":0},"north":{"uv":[12.25,11.5,12.5,11.75],"rotation":0,"texture":"#0","tintindex":0},"west":{"uv":[9.5,0.5,11.25,0.75],"rotation":0,"texture":"#0","tintindex":0},"up":{"uv":[5.0,11.25,4.75,9.5],"rotation":0,"texture":"#0","tintindex":0},"down":{"uv":[9.75,8.5,9.5,10.25],"rotation":0,"texture":"#0","tintindex":0}}},{"from":[7.257143,5.0857143,8.685715],"to":[7.7714286,5.6,16.400002],"rotation":{"angle":0.0,"axis":"y","origin":[5.714286,14.857143,4.5714283]},"faces":{"east":{"uv":[7.0,6.5,10.75,6.75],"rotation":0,"texture":"#0","tintindex":0},"south":{"uv":[12.25,12.25,12.5,12.5],"rotation":0,"texture":"#0","tintindex":0},"north":{"uv":[12.25,12.0,12.5,12.25],"rotation":0,"texture":"#0","tintindex":0},"west":{"uv":[7.0,6.75,10.75,7.0],"rotation":0,"texture":"#0","tintindex":0},"up":{"uv":[0.75,11.0,0.5,7.25],"rotation":0,"texture":"#0","tintindex":0},"down":{"uv":[1.0,7.25,0.75,11.0],"rotation":0,"texture":"#0","tintindex":0}}},{"from":[7.257143,4.5714283,9.714286],"to":[7.7714286,5.0857143,15.885715],"rotation":{"angle":0.0,"axis":"y","origin":[5.714286,14.857143,4.5714283]},"faces":{"east":{"uv":[8.25,5.75,11.25,6.0],"rotation":0,"texture":"#0","tintindex":0},"south":{"uv":[12.5,0.0,12.75,0.25],"rotation":0,"texture":"#0","tintindex":0},"north":{"uv":[0.0,12.5,0.25,12.75],"rotation":0,"texture":"#0","tintindex":0},"west":{"uv":[8.25,6.0,11.25,6.25],"rotation":0,"texture":"#0","tintindex":0},"up":{"uv":[5.75,11.5,5.5,8.5],"rotation":0,"texture":"#0","tintindex":0},"down":{"uv":[6.0,8.5,5.75,11.5],"rotation":0,"texture":"#0","tintindex":0}}},{"from":[7.257143,5.6,8.685715],"to":[7.7714286,5.6,14.342857],"rotation":{"angle":0.0,"axis":"y","origin":[5.714286,14.857143,4.5714283]},"faces":{"east":{"uv":[0.0,0.0,2.75,0.0],"rotation":0,"texture":"#0","tintindex":0},"south":{"uv":[0.0,0.0,0.25,0.0],"rotation":0,"texture":"#0","tintindex":0},"north":{"uv":[0.0,0.0,0.25,0.0],"rotation":0,"texture":"#0","tintindex":0},"west":{"uv":[0.0,0.0,2.75,0.0],"rotation":0,"texture":"#0","tintindex":0},"up":{"uv":[7.75,11.25,7.5,8.5],"rotation":0,"texture":"#0","tintindex":0},"down":{"uv":[8.0,8.5,7.75,11.25],"rotation":0,"texture":"#0","tintindex":0}}},{"from":[7.257143,5.6,8.171429],"to":[7.7714286,7.142857,12.8],"rotation":{"angle":0.0,"axis":"y","origin":[5.714286,14.857143,4.5714283]},"faces":{"east":{"uv":[3.25,3.75,5.5,4.5],"rotation":0,"texture":"#0","tintindex":0},"south":{"uv":[9.0,11.5,9.25,12.25],"rotation":0,"texture":"#0","tintindex":0},"north":{"uv":[5.75,11.5,6.0,12.25],"rotation":0,"texture":"#0","tintindex":0},"west":{"uv":[0.0,4.25,2.25,5.0],"rotation":0,"texture":"#0","tintindex":0},"up":{"uv":[6.75,11.0,6.5,8.75],"rotation":0,"texture":"#0","tintindex":0},"down":{"uv":[7.0,8.75,6.75,11.0],"rotation":0,"texture":"#0","tintindex":0}}},{"from":[7.257143,5.6,12.8],"to":[7.7714286,6.6285715,14.342857],"rotation":{"angle":0.0,"axis":"y","origin":[5.714286,14.857143,4.5714283]},"faces":{"east":{"uv":[9.75,9.25,10.5,9.75],"rotation":0,"texture":"#0","tintindex":0},"south":{"uv":[12.0,7.5,12.25,8.0],"rotation":0,"texture":"#0","tintindex":0},"north":{"uv":[7.5,12.0,7.75,12.5],"rotation":0,"texture":"#0","tintindex":0},"west":{"uv":[9.75,9.75,10.5,10.25],"rotation":0,"texture":"#0","tintindex":0},"up":{"uv":[9.5,12.25,9.25,11.5],"rotation":0,"texture":"#0","tintindex":0},"down":{"uv":[9.75,11.5,9.5,12.25],"rotation":0,"texture":"#0","tintindex":0}}},{"from":[7.257143,5.6,14.342857],"to":[7.7714286,6.1142855,15.3714285],"rotation":{"angle":0.0,"axis":"y","origin":[5.714286,14.857143,4.5714283]},"faces":{"east":{"uv":[7.75,12.0,8.25,12.25],"rotation":0,"texture":"#0","tintindex":0},"south":{"uv":[12.5,0.25,12.75,0.5],"rotation":0,"texture":"#0","tintindex":0},"north":{"uv":[0.25,12.5,0.5,12.75],"rotation":0,"texture":"#0","tintindex":0},"west":{"uv":[12.0,8.0,12.5,8.25],"rotation":0,"texture":"#0","tintindex":0},"up":{"uv":[8.5,12.5,8.25,12.0],"rotation":0,"texture":"#0","tintindex":0},"down":{"uv":[12.25,8.25,12.0,8.75],"rotation":0,"texture":"#0","tintindex":0}}},{"from":[7.257143,7.6571426,8.171429],"to":[7.7714286,8.171429,10.742857],"rotation":{"angle":0.0,"axis":"y","origin":[2.2857141,14.857143,4.5714283]},"faces":{"east":{"uv":[10.0,3.0,11.25,3.25],"rotation":0,"texture":"#0","tintindex":0},"south":{"uv":[12.0,12.25,12.25,12.5],"rotation":0,"texture":"#0","tintindex":0},"north":{"uv":[12.25,11.75,12.5,12.0],"rotation":0,"texture":"#0","tintindex":0},"west":{"uv":[10.25,7.0,11.5,7.25],"rotation":0,"texture":"#0","tintindex":0},"up":{"uv":[11.0,10.5,10.75,9.25],"rotation":0,"texture":"#0","tintindex":0},"down":{"uv":[11.0,10.5,10.75,11.75],"rotation":0,"texture":"#0","tintindex":0}}}],"display":{"head":{"translation":[0.0,-6.4,0.0],"scale":[4.0,4.0,4.0]}}}