{"textures":{"0":"modelengine:entity/ergeox"},"elements":[{"from":[6.5714283,7.428571,6.5714283],"to":[9.428572,8.571428,9.428572],"rotation":{"angle":0.0,"axis":"y","origin":[8.285714,8.285714,8.285714]},"faces":{"east":{"uv":[1.3125,13.125,1.0,13.25],"rotation":0,"texture":"#0","tintindex":0},"south":{"uv":[1.3125,12.625,1.0,12.75],"rotation":0,"texture":"#0","tintindex":0},"north":{"uv":[1.0,12.625,1.3125,12.75],"rotation":0,"texture":"#0","tintindex":0},"west":{"uv":[1.0,13.125,1.3125,13.25],"rotation":0,"texture":"#0","tintindex":0},"up":{"uv":[4.5625,5.3125,4.375,5.125],"rotation":0,"texture":"#0","tintindex":0},"down":{"uv":[4.5625,5.125,4.375,5.3125],"rotation":0,"texture":"#0","tintindex":0}}},{"from":[6.5714283,5.714286,6.5714283],"to":[9.428572,6.285714,9.428572],"rotation":{"angle":0.0,"axis":"y","origin":[8.285714,8.285714,8.285714]},"faces":{"east":{"uv":[1.0,13.25,0.6875,13.3125],"rotation":0,"texture":"#0","tintindex":0},"south":{"uv":[0.0,13.25,0.3125,13.3125],"rotation":0,"texture":"#0","tintindex":0},"north":{"uv":[0.0,13.25,0.3125,13.3125],"rotation":0,"texture":"#0","tintindex":0},"west":{"uv":[0.6875,13.25,1.0,13.3125],"rotation":0,"texture":"#0","tintindex":0},"up":{"uv":[1.0,12.375,0.75,12.125],"rotation":0,"texture":"#0","tintindex":0},"down":{"uv":[1.0,12.125,0.75,12.375],"rotation":0,"texture":"#0","tintindex":0}}},{"from":[6.0,6.285714,6.0],"to":[10.0,7.428571,10.0],"rotation":{"angle":0.0,"axis":"y","origin":[8.285714,8.285714,8.285714]},"faces":{"east":{"uv":[0.75,12.875,1.1875,13.0],"rotation":0,"texture":"#0","tintindex":0},"south":{"uv":[1.4375,12.125,1.0,12.25],"rotation":0,"texture":"#0","tintindex":0},"north":{"uv":[1.0,12.125,1.4375,12.25],"rotation":0,"texture":"#0","tintindex":0},"west":{"uv":[0.75,12.875,1.1875,13.0],"rotation":0,"texture":"#0","tintindex":0},"up":{"uv":[0.375,12.5,0.0,12.125],"rotation":0,"texture":"#0","tintindex":0},"down":{"uv":[0.375,12.125,0.0,12.5],"rotation":0,"texture":"#0","tintindex":0}}},{"from":[6.0,8.571428,6.0],"to":[10.0,9.714286,10.0],"rotation":{"angle":0.0,"axis":"y","origin":[8.285714,-47.714287,8.285714]},"faces":{"east":{"uv":[0.75,13.0,1.1875,12.875],"rotation":0,"texture":"#0","tintindex":0},"south":{"uv":[1.4375,12.25,1.0,12.125],"rotation":0,"texture":"#0","tintindex":0},"north":{"uv":[1.0,12.25,1.4375,12.125],"rotation":0,"texture":"#0","tintindex":0},"west":{"uv":[0.75,13.0,1.1875,12.875],"rotation":0,"texture":"#0","tintindex":0},"up":{"uv":[0.375,12.5,0.0,12.125],"rotation":0,"texture":"#0","tintindex":0},"down":{"uv":[0.375,12.125,0.0,12.5],"rotation":0,"texture":"#0","tintindex":0}}},{"from":[6.5714283,9.714286,6.5714283],"to":[9.428572,10.285714,9.428572],"rotation":{"angle":0.0,"axis":"y","origin":[8.285714,-47.714287,8.285714]},"faces":{"east":{"uv":[1.0,13.3125,0.6875,13.25],"rotation":0,"texture":"#0","tintindex":0},"south":{"uv":[0.0,13.3125,0.3125,13.25],"rotation":0,"texture":"#0","tintindex":0},"north":{"uv":[0.0,13.3125,0.3125,13.25],"rotation":0,"texture":"#0","tintindex":0},"west":{"uv":[0.6875,13.3125,1.0,13.25],"rotation":0,"texture":"#0","tintindex":0},"up":{"uv":[1.0,12.375,0.75,12.125],"rotation":0,"texture":"#0","tintindex":0},"down":{"uv":[1.0,12.125,0.75,12.375],"rotation":0,"texture":"#0","tintindex":0}}}],"display":{"head":{"translation":[0.0,-6.4,0.0],"scale":[4.0,4.0,4.0]}}}