{"textures":{"0":"modelengine:entity/camel"},"elements":[{"from":[0.375,10.579727,9.495005],"to":[7.375,17.579727,9.495005],"faces":{"south":{"uv":[10.125,2.125,9.25,3.0],"tintindex":0,"rotation":0,"texture":"#0"},"north":{"uv":[9.25,0.0,10.125,0.875],"tintindex":0,"rotation":0,"texture":"#0"}},"rotation":{"origin":[3.875,14.079727,9.495005],"angle":45.0,"axis":"y"}},{"from":[8.375,10.579727,9.495005],"to":[15.375,17.579727,9.495005],"faces":{"south":{"uv":[9.25,2.125,10.125,3.0],"tintindex":0,"rotation":0,"texture":"#0"},"north":{"uv":[10.125,0.0,9.25,0.875],"tintindex":0,"rotation":0,"texture":"#0"}},"rotation":{"origin":[11.875,14.079727,9.495005],"angle":-45.0,"axis":"y"}},{"from":[4.375,5.579727,0.49500465],"to":[11.375,12.579727,9.495005],"faces":{"east":{"uv":[8.125,0.0,9.25,0.875],"tintindex":0,"rotation":0,"texture":"#0"},"south":{"uv":[8.75,9.125,9.625,10.0],"tintindex":0,"rotation":0,"texture":"#0"},"north":{"uv":[9.0,3.0,9.875,3.875],"tintindex":0,"rotation":0,"texture":"#0"},"west":{"uv":[8.125,2.125,9.25,3.0],"tintindex":0,"rotation":0,"texture":"#0"},"up":{"uv":[9.0,4.125,8.125,3.0],"tintindex":0,"rotation":0,"texture":"#0"},"down":{"uv":[5.75,8.125,4.875,9.25],"tintindex":0,"rotation":0,"texture":"#0"}}},{"from":[5.375,6.579727,-4.5049953],"to":[10.375,12.579727,0.49500465],"faces":{"east":{"uv":[9.875,3.0,10.5,3.75],"tintindex":0,"rotation":0,"texture":"#0"},"south":{"uv":[10.125,0.0,10.75,0.75],"tintindex":0,"rotation":0,"texture":"#0"},"north":{"uv":[9.375,5.875,10.0,6.625],"tintindex":0,"rotation":0,"texture":"#0"},"west":{"uv":[2.75,10.125,3.375,10.875],"tintindex":0,"rotation":0,"texture":"#0"},"up":{"uv":[10.75,4.375,10.125,3.75],"tintindex":0,"rotation":0,"texture":"#0"},"down":{"uv":[10.75,4.375,10.125,5.0],"tintindex":0,"rotation":0,"texture":"#0"}}}]}