{"textures":{"0":"modelengine:entity/camel"},"elements":[{"from":[2.5246325,-4.386732,10.296002],"to":[6.524632,5.613268,15.296003],"faces":{"east":{"uv":[8.875,0.875,9.5,2.125],"tintindex":0,"rotation":0,"texture":"#0"},"south":{"uv":[10.0,7.125,10.5,8.375],"tintindex":0,"rotation":0,"texture":"#0"},"north":{"uv":[10.0,5.875,10.5,7.125],"tintindex":0,"rotation":0,"texture":"#0"},"west":{"uv":[6.125,9.0,6.75,10.25],"tintindex":0,"rotation":0,"texture":"#0"},"up":{"uv":[8.625,4.75,8.125,4.125],"tintindex":0,"rotation":0,"texture":"#0"},"down":{"uv":[5.375,10.25,4.875,10.875],"tintindex":0,"rotation":0,"texture":"#0"}},"rotation":{"origin":[6.850984,-1.475359,18.38629],"angle":-22.5,"axis":"x"}},{"from":[2.5246325,5.613268,9.296002],"to":[8.524632,15.61327,17.296003],"faces":{"east":{"uv":[3.875,7.25,4.875,8.5],"tintindex":0,"rotation":0,"texture":"#0"},"south":{"uv":[8.625,5.375,9.375,6.625],"tintindex":0,"rotation":0,"texture":"#0"},"north":{"uv":[8.625,4.125,9.375,5.375],"tintindex":0,"rotation":0,"texture":"#0"},"west":{"uv":[0.0,7.375,1.0,8.625],"tintindex":0,"rotation":0,"texture":"#0"},"up":{"uv":[10.375,9.625,9.625,8.625],"tintindex":0,"rotation":0,"texture":"#0"},"down":{"uv":[10.375,9.625,9.625,10.625],"tintindex":0,"rotation":0,"texture":"#0"}},"rotation":{"origin":[6.850984,-1.475359,18.38629],"angle":-22.5,"axis":"x"}}]}