{"textures":{"0":"modelengine:entity/camel"},"elements":[{"from":[2.3357916,-5.0831947,8.942964],"to":[5.3357916,5.9168053,13.942964],"faces":{"east":{"uv":[2.375,8.75,3.0,10.125],"tintindex":0,"rotation":0,"texture":"#0"},"south":{"uv":[2.375,10.125,2.75,11.5],"tintindex":0,"rotation":0,"texture":"#0"},"north":{"uv":[4.125,9.75,4.5,11.125],"tintindex":0,"rotation":0,"texture":"#0"},"west":{"uv":[3.0,8.75,3.625,10.125],"tintindex":0,"rotation":0,"texture":"#0"},"up":{"uv":[7.125,3.125,6.75,2.5],"tintindex":0,"rotation":0,"texture":"#0"},"down":{"uv":[5.25,7.25,4.875,7.875],"tintindex":0,"rotation":0,"texture":"#0"}},"rotation":{"origin":[8.183088,1.5577087,18.16386],"angle":-22.5,"axis":"x"}},{"from":[2.3357916,5.9168053,7.9429636],"to":[8.335792,15.916805,15.942964],"faces":{"east":{"uv":[7.125,2.5,8.125,3.75],"tintindex":0,"rotation":0,"texture":"#0"},"south":{"uv":[8.5,6.625,9.25,7.875],"tintindex":0,"rotation":0,"texture":"#0"},"north":{"uv":[3.75,8.5,4.5,9.75],"tintindex":0,"rotation":0,"texture":"#0"},"west":{"uv":[7.125,3.75,8.125,5.0],"tintindex":0,"rotation":0,"texture":"#0"},"up":{"uv":[5.625,10.25,4.875,9.25],"tintindex":0,"rotation":0,"texture":"#0"},"down":{"uv":[10.0,6.625,9.25,7.625],"tintindex":0,"rotation":0,"texture":"#0"}},"rotation":{"origin":[8.183088,1.5577087,18.16386],"angle":-22.5,"axis":"x"}}]}