{"textures":{"0":"modelengine:entity/camel"},"elements":[{"from":[7.4753675,5.613268,9.296002],"to":[13.475368,15.61327,17.296003],"faces":{"east":{"uv":[1.0,7.375,0.0,8.625],"tintindex":0,"rotation":0,"texture":"#0"},"south":{"uv":[9.375,5.375,8.625,6.625],"tintindex":0,"rotation":0,"texture":"#0"},"north":{"uv":[9.375,4.125,8.625,5.375],"tintindex":0,"rotation":0,"texture":"#0"},"west":{"uv":[4.875,7.25,3.875,8.5],"tintindex":0,"rotation":0,"texture":"#0"},"up":{"uv":[9.625,9.625,10.375,8.625],"tintindex":0,"rotation":0,"texture":"#0"},"down":{"uv":[9.625,9.625,10.375,10.625],"tintindex":0,"rotation":0,"texture":"#0"}},"rotation":{"origin":[9.149015,-1.475359,18.38629],"angle":-22.5,"axis":"x"}},{"from":[9.4753685,-4.386732,10.296002],"to":[13.475368,5.613268,15.296003],"faces":{"east":{"uv":[6.75,9.0,6.125,10.25],"tintindex":0,"rotation":0,"texture":"#0"},"south":{"uv":[10.5,7.125,10.0,8.375],"tintindex":0,"rotation":0,"texture":"#0"},"north":{"uv":[10.5,5.875,10.0,7.125],"tintindex":0,"rotation":0,"texture":"#0"},"west":{"uv":[9.5,0.875,8.875,2.125],"tintindex":0,"rotation":0,"texture":"#0"},"up":{"uv":[8.125,4.75,8.625,4.125],"tintindex":0,"rotation":0,"texture":"#0"},"down":{"uv":[4.875,10.25,5.375,10.875],"tintindex":0,"rotation":0,"texture":"#0"}},"rotation":{"origin":[9.149015,-1.475359,18.38629],"angle":-22.5,"axis":"x"}}]}