{"textures":{"0":"modelengine:entity/camel"},"elements":[{"from":[7.6642084,5.9168053,7.9429636],"to":[13.664208,15.916805,15.942964],"faces":{"east":{"uv":[8.125,3.75,7.125,5.0],"tintindex":0,"rotation":0,"texture":"#0"},"south":{"uv":[9.25,6.625,8.5,7.875],"tintindex":0,"rotation":0,"texture":"#0"},"north":{"uv":[4.5,8.5,3.75,9.75],"tintindex":0,"rotation":0,"texture":"#0"},"west":{"uv":[8.125,2.5,7.125,3.75],"tintindex":0,"rotation":0,"texture":"#0"},"up":{"uv":[4.875,10.25,5.625,9.25],"tintindex":0,"rotation":0,"texture":"#0"},"down":{"uv":[9.25,6.625,10.0,7.625],"tintindex":0,"rotation":0,"texture":"#0"}},"rotation":{"origin":[7.8169117,1.5577087,18.16386],"angle":-22.5,"axis":"x"}},{"from":[10.664208,-5.0831947,8.942964],"to":[13.664208,5.9168053,13.942964],"faces":{"east":{"uv":[3.625,8.75,3.0,10.125],"tintindex":0,"rotation":0,"texture":"#0"},"south":{"uv":[2.75,10.125,2.375,11.5],"tintindex":0,"rotation":0,"texture":"#0"},"north":{"uv":[4.5,9.75,4.125,11.125],"tintindex":0,"rotation":0,"texture":"#0"},"west":{"uv":[3.0,8.75,2.375,10.125],"tintindex":0,"rotation":0,"texture":"#0"},"up":{"uv":[6.75,3.125,7.125,2.5],"tintindex":0,"rotation":0,"texture":"#0"},"down":{"uv":[4.875,7.25,5.25,7.875],"tintindex":0,"rotation":0,"texture":"#0"}},"rotation":{"origin":[7.8169117,1.5577087,18.16386],"angle":-22.5,"axis":"x"}}]}