{"textures":{"0":"modelengine:entity/scarab"},"elements":[{"from":[5.5125914,8.154246,6.8295374],"to":[8.512591,8.154246,9.829537],"faces":{"up":{"uv":[9.0,1.5,7.5,0.0],"tintindex":0,"rotation":0,"texture":"#0"},"down":{"uv":[9.0,3.0,7.5,4.5],"tintindex":0,"rotation":0,"texture":"#0"}}},{"from":[2.9282827,8.962371,6.8295374],"to":[5.9282827,8.962371,9.829537],"faces":{"up":{"uv":[8.0,8.0,6.5,6.5],"tintindex":0,"rotation":0,"texture":"#0"},"down":{"uv":[8.0,1.5,6.5,3.0],"tintindex":0,"rotation":0,"texture":"#0"}},"rotation":{"origin":[7.7543097,7.513897,7.5795374],"angle":22.5,"axis":"z"}}]}