{"textures":{"0":"modelengine:entity/scarab"},"elements":[{"from":[7.4874086,8.154246,6.829538],"to":[10.487409,8.154246,9.829537],"faces":{"up":{"uv":[7.5,1.5,9.0,0.0],"tintindex":0,"rotation":0,"texture":"#0"},"down":{"uv":[7.5,3.0,9.0,4.5],"tintindex":0,"rotation":0,"texture":"#0"}}},{"from":[10.071717,8.962371,6.829538],"to":[13.071716,8.962371,9.829537],"faces":{"up":{"uv":[6.5,8.0,8.0,6.5],"tintindex":0,"rotation":0,"texture":"#0"},"down":{"uv":[6.5,1.5,8.0,3.0],"tintindex":0,"rotation":0,"texture":"#0"}},"rotation":{"origin":[8.24569,7.5138965,7.579538],"angle":-22.5,"axis":"z"}}]}