{"textures":{"0":"modelengine:entity/peacock"},"elements":[{"from":[6.2799997,5.7085714,5.1371427],"to":[9.72,7.4342856,10.291429],"rotation":{"angle":0.0,"axis":"y","origin":[9.142858,6.857143,6.857143]},"faces":{"east":{"uv":[0.0,3.25,1.125,3.625],"rotation":0,"texture":"#0","tintindex":0},"south":{"uv":[3.0,3.25,3.75,3.625],"rotation":0,"texture":"#0","tintindex":0},"north":{"uv":[1.125,3.25,1.875,3.625],"rotation":0,"texture":"#0","tintindex":0},"west":{"uv":[1.875,3.25,3.0,3.625],"rotation":0,"texture":"#0","tintindex":0},"up":{"uv":[1.875,3.25,1.125,2.125],"rotation":0,"texture":"#0","tintindex":0},"down":{"uv":[2.625,2.125,1.875,3.25],"rotation":0,"texture":"#0","tintindex":0}}},{"from":[6.285714,7.428571,5.142857],"to":[9.714286,8.0,9.714286],"rotation":{"angle":0.0,"axis":"y","origin":[9.142858,6.857143,6.857143]},"faces":{"east":{"uv":[2.625,3.125,3.625,3.25],"rotation":0,"texture":"#0","tintindex":0},"south":{"uv":[5.375,3.125,6.125,3.25],"rotation":0,"texture":"#0","tintindex":0},"north":{"uv":[3.625,3.125,4.375,3.25],"rotation":0,"texture":"#0","tintindex":0},"west":{"uv":[4.375,3.125,5.375,3.25],"rotation":0,"texture":"#0","tintindex":0},"up":{"uv":[4.375,3.125,3.625,2.125],"rotation":0,"texture":"#0","tintindex":0},"down":{"uv":[5.125,2.125,4.375,3.125],"rotation":0,"texture":"#0","tintindex":0}}},{"from":[6.857143,8.0,5.142857],"to":[9.142858,8.571428,9.714286],"rotation":{"angle":0.0,"axis":"y","origin":[9.142858,6.857143,6.857143]},"faces":{"east":{"uv":[3.5,4.25,4.5,4.375],"rotation":0,"texture":"#0","tintindex":0},"south":{"uv":[6.0,4.25,6.5,4.375],"rotation":0,"texture":"#0","tintindex":0},"north":{"uv":[4.5,4.25,5.0,4.375],"rotation":0,"texture":"#0","tintindex":0},"west":{"uv":[5.0,4.25,6.0,4.375],"rotation":0,"texture":"#0","tintindex":0},"up":{"uv":[5.0,4.25,4.5,3.25],"rotation":0,"texture":"#0","tintindex":0},"down":{"uv":[5.5,3.25,5.0,4.25],"rotation":0,"texture":"#0","tintindex":0}}},{"from":[9.142858,8.0,5.714286],"to":[9.714286,8.571428,9.142858],"rotation":{"angle":0.0,"axis":"y","origin":[9.142858,6.857143,6.857143]},"faces":{"east":{"uv":[0.0,1.625,0.75,1.75],"rotation":0,"texture":"#0","tintindex":0},"south":{"uv":[1.625,1.625,1.75,1.75],"rotation":0,"texture":"#0","tintindex":0},"north":{"uv":[0.75,1.625,0.875,1.75],"rotation":0,"texture":"#0","tintindex":0},"west":{"uv":[0.875,1.625,1.625,1.75],"rotation":0,"texture":"#0","tintindex":0},"up":{"uv":[0.875,1.625,0.75,0.875],"rotation":0,"texture":"#0","tintindex":0},"down":{"uv":[1.0,0.875,0.875,1.625],"rotation":0,"texture":"#0","tintindex":0}}},{"from":[6.285714,8.0,5.714286],"to":[6.857143,8.571428,9.142858],"rotation":{"angle":0.0,"axis":"y","origin":[9.142858,6.857143,6.857143]},"faces":{"east":{"uv":[0.0,0.75,0.75,0.875],"rotation":0,"texture":"#0","tintindex":0},"south":{"uv":[1.625,0.75,1.75,0.875],"rotation":0,"texture":"#0","tintindex":0},"north":{"uv":[0.75,0.75,0.875,0.875],"rotation":0,"texture":"#0","tintindex":0},"west":{"uv":[0.875,0.75,1.625,0.875],"rotation":0,"texture":"#0","tintindex":0},"up":{"uv":[0.875,0.75,0.75,0.0],"rotation":0,"texture":"#0","tintindex":0},"down":{"uv":[1.0,0.0,0.875,0.75],"rotation":0,"texture":"#0","tintindex":0}}},{"from":[6.857143,7.428571,9.714286],"to":[9.142858,8.0,10.285714],"rotation":{"angle":0.0,"axis":"y","origin":[9.142858,6.857143,6.857143]},"faces":{"east":{"uv":[0.75,1.875,0.875,2.0],"rotation":0,"texture":"#0","tintindex":0},"south":{"uv":[1.5,1.875,2.0,2.0],"rotation":0,"texture":"#0","tintindex":0},"north":{"uv":[0.875,1.875,1.375,2.0],"rotation":0,"texture":"#0","tintindex":0},"west":{"uv":[1.375,1.875,1.5,2.0],"rotation":0,"texture":"#0","tintindex":0},"up":{"uv":[1.375,1.875,0.875,1.75],"rotation":0,"texture":"#0","tintindex":0},"down":{"uv":[1.875,1.75,1.375,1.875],"rotation":0,"texture":"#0","tintindex":0}}},{"from":[6.857143,6.857143,4.5714283],"to":[9.142858,8.571428,5.142857],"rotation":{"angle":0.0,"axis":"y","origin":[8.0,6.857143,4.5714283]},"faces":{"east":{"uv":[2.375,5.375,2.5,5.75],"rotation":0,"texture":"#0","tintindex":0},"south":{"uv":[3.125,5.375,3.625,5.75],"rotation":0,"texture":"#0","tintindex":0},"north":{"uv":[2.5,5.375,3.0,5.75],"rotation":0,"texture":"#0","tintindex":0},"west":{"uv":[3.0,5.375,3.125,5.75],"rotation":0,"texture":"#0","tintindex":0},"up":{"uv":[3.0,5.375,2.5,5.25],"rotation":0,"texture":"#0","tintindex":0},"down":{"uv":[3.5,5.25,3.0,5.375],"rotation":0,"texture":"#0","tintindex":0}}}],"display":{"head":{"translation":[0.0,-6.4,0.0],"scale":[4.0,4.0,4.0]}}}