{"textures":{"0":"modelengine:entity/pharaoh"},"elements":[{"from":[5.8188543,-1.541338,6.540427],"to":[6.8188543,-0.49133873,8.040427],"faces":{"east":{"uv":[8.625,2.125,8.25,2.375],"tintindex":0,"rotation":0,"texture":"#0"},"south":{"uv":[1.875,11.125,1.625,11.375],"tintindex":0,"rotation":0,"texture":"#0"},"north":{"uv":[11.0,1.375,10.75,1.625],"tintindex":0,"rotation":0,"texture":"#0"},"west":{"uv":[7.5,1.125,7.125,1.375],"tintindex":0,"rotation":0,"texture":"#0"},"up":{"uv":[10.75,3.625,11.0,3.25],"tintindex":0,"rotation":0,"texture":"#0"},"down":{"uv":[10.75,6.625,11.0,7.0],"tintindex":0,"rotation":0,"texture":"#0"}},"rotation":{"origin":[10.923117,-5.258893,6.093262],"angle":-22.5,"axis":"z"}},{"from":[4.8188543,-4.041338,6.540427],"to":[5.8188543,-0.49133873,9.040427],"faces":{"east":{"uv":[10.75,0.75,10.125,1.625],"tintindex":0,"rotation":0,"texture":"#0"},"south":{"uv":[9.25,11.5,9.0,12.375],"tintindex":0,"rotation":0,"texture":"#0"},"north":{"uv":[4.875,11.25,4.625,12.125],"tintindex":0,"rotation":0,"texture":"#0"},"west":{"uv":[9.25,10.0,8.625,10.875],"tintindex":0,"rotation":0,"texture":"#0"},"up":{"uv":[5.0,9.625,5.25,9.0],"tintindex":0,"rotation":0,"texture":"#0"},"down":{"uv":[7.375,10.5,7.625,11.125],"tintindex":0,"rotation":0,"texture":"#0"}},"rotation":{"origin":[10.923117,-5.258893,6.093262],"angle":-22.5,"axis":"z"}},{"from":[5.8188543,-4.041338,6.540427],"to":[7.3188543,-1.4913387,9.040427],"faces":{"east":{"uv":[11.625,3.25,11.0,3.875],"tintindex":0,"rotation":0,"texture":"#0"},"south":{"uv":[11.875,9.125,11.5,9.75],"tintindex":0,"rotation":0,"texture":"#0"},"north":{"uv":[6.75,5.5,6.375,6.125],"tintindex":0,"rotation":0,"texture":"#0"},"west":{"uv":[9.25,10.875,8.625,11.5],"tintindex":0,"rotation":0,"texture":"#0"},"up":{"uv":[11.5,10.375,11.875,9.75],"tintindex":0,"rotation":0,"texture":"#0"},"down":{"uv":[11.5,11.125,11.875,11.75],"tintindex":0,"rotation":0,"texture":"#0"}},"rotation":{"origin":[10.923117,-5.258893,6.093262],"angle":-22.5,"axis":"z"}},{"from":[6.846999,3.9207916,5.5072403],"to":[8.846999,7.970792,8.00724],"faces":{"east":{"uv":[5.625,9.625,5.0,10.625],"tintindex":0,"rotation":0,"texture":"#0"},"south":{"uv":[6.625,10.25,6.125,11.25],"tintindex":0,"rotation":0,"texture":"#0"},"north":{"uv":[4.875,10.25,4.375,11.25],"tintindex":0,"rotation":0,"texture":"#0"},"west":{"uv":[10.25,3.0,9.625,4.0],"tintindex":0,"rotation":0,"texture":"#0"},"up":{"uv":[11.125,8.75,11.625,8.125],"tintindex":0,"rotation":0,"texture":"#0"},"down":{"uv":[9.25,11.125,9.75,11.75],"tintindex":0,"rotation":0,"texture":"#0"}}},{"from":[6.846999,0.87079144,6.507241],"to":[8.346999,3.9207916,8.00724],"faces":{"east":{"uv":[11.875,1.125,11.5,1.875],"tintindex":0,"rotation":0,"texture":"#0"},"south":{"uv":[1.5,11.5,1.125,12.25],"tintindex":0,"rotation":0,"texture":"#0"},"north":{"uv":[8.5,11.25,8.125,12.0],"tintindex":0,"rotation":0,"texture":"#0"},"west":{"uv":[1.125,11.5,0.75,12.25],"tintindex":0,"rotation":0,"texture":"#0"},"up":{"uv":[8.375,1.125,8.75,0.75],"tintindex":0,"rotation":0,"texture":"#0"},"down":{"uv":[10.375,4.375,10.75,4.75],"tintindex":0,"rotation":0,"texture":"#0"}}}]}