{"textures":{"0":"modelengine:entity/pharaoh"},"elements":[{"from":[6.1885448,-6.0218544,19.167606],"to":[10.188545,-4.0218544,23.167606],"faces":{"east":{"uv":[12.375,1.625,11.875,1.875],"tintindex":0,"rotation":0,"texture":"#0"},"south":{"uv":[12.375,1.375,11.875,1.625],"tintindex":0,"rotation":0,"texture":"#0"},"north":{"uv":[12.0,11.75,11.5,12.0],"tintindex":0,"rotation":0,"texture":"#0"},"west":{"uv":[12.375,1.125,11.875,1.375],"tintindex":0,"rotation":0,"texture":"#0"},"up":{"uv":[10.125,8.5,10.625,8.0],"tintindex":0,"rotation":0,"texture":"#0"},"down":{"uv":[8.5,11.5,9.0,12.0],"tintindex":0,"rotation":0,"texture":"#0"}},"rotation":{"origin":[12.751379,-10.876688,24.780994],"angle":-22.5,"axis":"x"}},{"from":[6.1885448,-2.7623081,20.652164],"to":[10.188545,5.237692,23.652164],"faces":{"east":{"uv":[11.375,7.125,11.0,8.125],"tintindex":0,"rotation":0,"texture":"#0"},"south":{"uv":[8.625,10.25,8.125,11.25],"tintindex":0,"rotation":0,"texture":"#0"},"north":{"uv":[8.125,10.25,7.625,11.25],"tintindex":0,"rotation":0,"texture":"#0"},"west":{"uv":[3.75,11.0,3.375,12.0],"tintindex":0,"rotation":0,"texture":"#0"},"up":{"uv":[9.5,2.125,10.0,1.75],"tintindex":0,"rotation":0,"texture":"#0"},"down":{"uv":[11.625,3.25,12.125,3.625],"tintindex":0,"rotation":0,"texture":"#0"}},"rotation":{"origin":[12.751379,-3.7951584,22.906384],"angle":-45.0,"axis":"x"}},{"from":[6.1885448,-10.331539,17.161087],"to":[10.188545,-4.331538,20.161087],"faces":{"east":{"uv":[11.875,4.375,11.5,5.125],"tintindex":0,"rotation":0,"texture":"#0"},"south":{"uv":[11.5,10.0,11.0,10.75],"tintindex":0,"rotation":0,"texture":"#0"},"north":{"uv":[11.5,9.25,11.0,10.0],"tintindex":0,"rotation":0,"texture":"#0"},"west":{"uv":[1.875,11.5,1.5,12.25],"tintindex":0,"rotation":0,"texture":"#0"},"up":{"uv":[11.625,5.5,12.125,5.125],"tintindex":0,"rotation":0,"texture":"#0"},"down":{"uv":[11.625,5.5,12.125,5.875],"tintindex":0,"rotation":0,"texture":"#0"}},"rotation":{"origin":[12.751379,-11.866226,29.149025],"angle":22.5,"axis":"x"}},{"from":[6.1885448,5.237692,20.652164],"to":[10.188545,15.237693,25.652164],"faces":{"east":{"uv":[6.875,9.0,6.25,10.25],"tintindex":0,"rotation":0,"texture":"#0"},"south":{"uv":[10.125,7.25,9.625,8.5],"tintindex":0,"rotation":0,"texture":"#0"},"north":{"uv":[6.125,9.625,5.625,10.875],"tintindex":0,"rotation":0,"texture":"#0"},"west":{"uv":[5.0,9.0,4.375,10.25],"tintindex":0,"rotation":0,"texture":"#0"},"up":{"uv":[9.75,11.75,10.25,11.125],"tintindex":0,"rotation":0,"texture":"#0"},"down":{"uv":[11.0,11.125,11.5,11.75],"tintindex":0,"rotation":0,"texture":"#0"}},"rotation":{"origin":[12.751379,-3.7951584,22.906384],"angle":-45.0,"axis":"x"}}]}