{"textures":{"0":"modelengine:entity/pharaoh"},"elements":[{"from":[3.9662914,-3.9397602,7.868492],"to":[7.9662914,4.060238,11.868492],"faces":{"east":{"uv":[10.75,2.625,10.25,3.625],"tintindex":0,"rotation":0,"texture":"#0"},"south":{"uv":[10.25,10.125,9.75,11.125],"tintindex":0,"rotation":0,"texture":"#0"},"north":{"uv":[10.625,7.0,10.125,8.0],"tintindex":0,"rotation":0,"texture":"#0"},"west":{"uv":[9.75,10.125,9.25,11.125],"tintindex":0,"rotation":0,"texture":"#0"},"up":{"uv":[3.875,8.25,4.375,7.75],"tintindex":0,"rotation":0,"texture":"#0"},"down":{"uv":[5.25,8.25,5.75,8.75],"tintindex":0,"rotation":0,"texture":"#0"}}},{"from":[2.9662914,4.060238,5.868492],"to":[7.9662914,12.060238,11.868492],"faces":{"east":{"uv":[8.625,9.25,7.875,10.25],"tintindex":0,"rotation":0,"texture":"#0"},"south":{"uv":[2.625,9.625,2.0,10.625],"tintindex":0,"rotation":0,"texture":"#0"},"north":{"uv":[10.125,0.75,9.5,1.75],"tintindex":0,"rotation":0,"texture":"#0"},"west":{"uv":[10.0,6.25,9.25,7.25],"tintindex":0,"rotation":0,"texture":"#0"},"up":{"uv":[10.375,10.0,11.0,9.25],"tintindex":0,"rotation":0,"texture":"#0"},"down":{"uv":[10.5,0.0,11.125,0.75],"tintindex":0,"rotation":0,"texture":"#0"}}}]}