{"textures":{"0":"modelengine:entity/pharaoh"},"elements":[{"from":[9.161983,-1.5302782,6.5304036],"to":[10.161983,-0.48027802,8.030403],"faces":{"east":{"uv":[7.125,1.125,7.5,1.375],"tintindex":0,"rotation":0,"texture":"#0"},"south":{"uv":[1.625,11.125,1.875,11.375],"tintindex":0,"rotation":0,"texture":"#0"},"north":{"uv":[10.75,1.375,11.0,1.625],"tintindex":0,"rotation":0,"texture":"#0"},"west":{"uv":[8.25,2.125,8.625,2.375],"tintindex":0,"rotation":0,"texture":"#0"},"up":{"uv":[11.0,3.625,10.75,3.25],"tintindex":0,"rotation":0,"texture":"#0"},"down":{"uv":[11.0,6.625,10.75,7.0],"tintindex":0,"rotation":0,"texture":"#0"}},"rotation":{"origin":[5.05772,-5.2478333,6.0832386],"angle":22.5,"axis":"z"}},{"from":[7.05772,-1.4978333,-2.4167614],"to":[8.55772,0.0021662712,15.083239],"faces":{"east":{"uv":[6.375,4.75,10.75,5.125],"tintindex":0,"rotation":0,"texture":"#0"},"south":{"uv":[6.5,11.625,6.875,12.0],"tintindex":0,"rotation":0,"texture":"#0"},"north":{"uv":[5.625,11.625,6.0,12.0],"tintindex":0,"rotation":0,"texture":"#0"},"west":{"uv":[6.375,5.125,10.75,5.5],"tintindex":0,"rotation":0,"texture":"#0"},"up":{"uv":[1.625,10.375,1.25,6.0],"tintindex":0,"rotation":0,"texture":"#0"},"down":{"uv":[2.0,6.0,1.625,10.375],"tintindex":0,"rotation":0,"texture":"#0"}}},{"from":[7.05772,-4.2404747,-9.038082],"to":[8.55772,-2.7404747,-4.538082],"faces":{"east":{"uv":[7.25,4.375,8.375,4.75],"tintindex":0,"rotation":0,"texture":"#0"},"south":{"uv":[11.625,8.125,12.0,8.5],"tintindex":0,"rotation":0,"texture":"#0"},"north":{"uv":[7.625,11.625,8.0,12.0],"tintindex":0,"rotation":0,"texture":"#0"},"west":{"uv":[8.375,4.375,9.5,4.75],"tintindex":0,"rotation":0,"texture":"#0"},"up":{"uv":[0.75,11.75,0.375,10.625],"tintindex":0,"rotation":0,"texture":"#0"},"down":{"uv":[2.25,10.625,1.875,11.75],"tintindex":0,"rotation":0,"texture":"#0"}}},{"from":[7.05772,2.398613,-11.202295],"to":[8.55772,6.898613,-9.702295],"faces":{"east":{"uv":[10.25,10.75,10.625,11.875],"tintindex":0,"rotation":0,"texture":"#0"},"south":{"uv":[10.625,10.75,11.0,11.875],"tintindex":0,"rotation":0,"texture":"#0"},"north":{"uv":[10.75,8.125,11.125,9.25],"tintindex":0,"rotation":0,"texture":"#0"},"west":{"uv":[10.875,5.5,11.25,6.625],"tintindex":0,"rotation":0,"texture":"#0"},"up":{"uv":[12.125,4.0,11.75,3.625],"tintindex":0,"rotation":0,"texture":"#0"},"down":{"uv":[4.125,11.75,3.75,12.125],"tintindex":0,"rotation":0,"texture":"#0"}},"rotation":{"origin":[7.80772,4.148613,-10.452295],"angle":45.0,"axis":"x"}},{"from":[7.05772,5.1234865,-9.038082],"to":[8.55772,6.6234865,-5.538082],"faces":{"east":{"uv":[11.125,0.375,12.0,0.75],"tintindex":0,"rotation":0,"texture":"#0"},"south":{"uv":[4.875,11.75,5.25,12.125],"tintindex":0,"rotation":0,"texture":"#0"},"north":{"uv":[11.75,4.0,12.125,4.375],"tintindex":0,"rotation":0,"texture":"#0"},"west":{"uv":[0.75,11.125,1.625,11.5],"tintindex":0,"rotation":0,"texture":"#0"},"up":{"uv":[11.5,2.25,11.125,1.375],"tintindex":0,"rotation":0,"texture":"#0"},"down":{"uv":[11.5,4.375,11.125,5.25],"tintindex":0,"rotation":0,"texture":"#0"}}},{"from":[7.1338377,3.9318514,5.497217],"to":[9.133838,7.9818506,7.997217],"faces":{"east":{"uv":[9.625,3.0,10.25,4.0],"tintindex":0,"rotation":0,"texture":"#0"},"south":{"uv":[6.125,10.25,6.625,11.25],"tintindex":0,"rotation":0,"texture":"#0"},"north":{"uv":[4.375,10.25,4.875,11.25],"tintindex":0,"rotation":0,"texture":"#0"},"west":{"uv":[5.0,9.625,5.625,10.625],"tintindex":0,"rotation":0,"texture":"#0"},"up":{"uv":[11.625,8.75,11.125,8.125],"tintindex":0,"rotation":0,"texture":"#0"},"down":{"uv":[9.75,11.125,9.25,11.75],"tintindex":0,"rotation":0,"texture":"#0"}}},{"from":[10.161983,-4.030278,6.5304036],"to":[11.161983,-0.48027802,9.030403],"faces":{"east":{"uv":[8.625,10.0,9.25,10.875],"tintindex":0,"rotation":0,"texture":"#0"},"south":{"uv":[9.0,11.5,9.25,12.375],"tintindex":0,"rotation":0,"texture":"#0"},"north":{"uv":[4.625,11.25,4.875,12.125],"tintindex":0,"rotation":0,"texture":"#0"},"west":{"uv":[10.125,0.75,10.75,1.625],"tintindex":0,"rotation":0,"texture":"#0"},"up":{"uv":[5.25,9.625,5.0,9.0],"tintindex":0,"rotation":0,"texture":"#0"},"down":{"uv":[7.625,10.5,7.375,11.125],"tintindex":0,"rotation":0,"texture":"#0"}},"rotation":{"origin":[5.05772,-5.2478333,6.0832386],"angle":22.5,"axis":"z"}},{"from":[7.05772,-4.5156,-11.202295],"to":[8.55772,-0.0156002045,-9.702295],"faces":{"east":{"uv":[3.875,10.625,4.25,11.75],"tintindex":0,"rotation":0,"texture":"#0"},"south":{"uv":[4.875,10.625,5.25,11.75],"tintindex":0,"rotation":0,"texture":"#0"},"north":{"uv":[2.25,10.625,2.625,11.75],"tintindex":0,"rotation":0,"texture":"#0"},"west":{"uv":[5.25,10.625,5.625,11.75],"tintindex":0,"rotation":0,"texture":"#0"},"up":{"uv":[0.375,12.125,0.0,11.75],"tintindex":0,"rotation":0,"texture":"#0"},"down":{"uv":[0.75,11.75,0.375,12.125],"tintindex":0,"rotation":0,"texture":"#0"}},"rotation":{"origin":[7.80772,-1.7656002,-10.452295],"angle":-45.0,"axis":"x"}},{"from":[8.661983,-4.030278,6.5304036],"to":[10.161983,-1.480278,9.030403],"faces":{"east":{"uv":[8.625,10.875,9.25,11.5],"tintindex":0,"rotation":0,"texture":"#0"},"south":{"uv":[11.5,9.125,11.875,9.75],"tintindex":0,"rotation":0,"texture":"#0"},"north":{"uv":[6.375,5.5,6.75,6.125],"tintindex":0,"rotation":0,"texture":"#0"},"west":{"uv":[11.0,3.25,11.625,3.875],"tintindex":0,"rotation":0,"texture":"#0"},"up":{"uv":[11.875,10.375,11.5,9.75],"tintindex":0,"rotation":0,"texture":"#0"},"down":{"uv":[11.875,11.125,11.5,11.75],"tintindex":0,"rotation":0,"texture":"#0"}},"rotation":{"origin":[5.05772,-5.2478333,6.0832386],"angle":22.5,"axis":"z"}},{"from":[7.6338377,0.8818512,6.497217],"to":[9.133838,3.9318514,7.997217],"faces":{"east":{"uv":[0.75,11.5,1.125,12.25],"tintindex":0,"rotation":0,"texture":"#0"},"south":{"uv":[1.125,11.5,1.5,12.25],"tintindex":0,"rotation":0,"texture":"#0"},"north":{"uv":[8.125,11.25,8.5,12.0],"tintindex":0,"rotation":0,"texture":"#0"},"west":{"uv":[11.5,1.125,11.875,1.875],"tintindex":0,"rotation":0,"texture":"#0"},"up":{"uv":[8.75,1.125,8.375,0.75],"tintindex":0,"rotation":0,"texture":"#0"},"down":{"uv":[10.75,4.375,10.375,4.75],"tintindex":0,"rotation":0,"texture":"#0"}}},{"from":[7.05772,-1.0584936,-12.220062],"to":[8.55772,3.4415064,-10.720062],"faces":{"east":{"uv":[2.625,10.75,3.0,11.875],"tintindex":0,"rotation":0,"texture":"#0"},"south":{"uv":[3.0,10.75,3.375,11.875],"tintindex":0,"rotation":0,"texture":"#0"},"north":{"uv":[10.625,7.0,11.0,8.125],"tintindex":0,"rotation":0,"texture":"#0"},"west":{"uv":[10.75,4.375,11.125,5.5],"tintindex":0,"rotation":0,"texture":"#0"},"up":{"uv":[2.25,12.125,1.875,11.75],"tintindex":0,"rotation":0,"texture":"#0"},"down":{"uv":[2.625,11.75,2.25,12.125],"tintindex":0,"rotation":0,"texture":"#0"}}},{"from":[7.05772,-4.5156,-3.873868],"to":[8.55772,-0.0156002045,-2.373868],"faces":{"east":{"uv":[6.625,10.5,7.0,11.625],"tintindex":0,"rotation":0,"texture":"#0"},"south":{"uv":[7.0,10.5,7.375,11.625],"tintindex":0,"rotation":0,"texture":"#0"},"north":{"uv":[2.75,8.25,3.125,9.375],"tintindex":0,"rotation":0,"texture":"#0"},"west":{"uv":[0.0,10.625,0.375,11.75],"tintindex":0,"rotation":0,"texture":"#0"},"up":{"uv":[7.25,12.0,6.875,11.625],"tintindex":0,"rotation":0,"texture":"#0"},"down":{"uv":[7.625,11.625,7.25,12.0],"tintindex":0,"rotation":0,"texture":"#0"}},"rotation":{"origin":[7.80772,-1.7656002,-3.123868],"angle":45.0,"axis":"x"}}]}