{"textures":{"0":"modelengine:entity/ergeox"},"elements":[{"from":[6.285714,-1.0715466,5.1446204],"to":[10.857143,10.357025,9.716049],"rotation":{"angle":0.0,"axis":"y","origin":[11.133001,6.726705,7.37231]},"faces":{"east":{"uv":[0.5,6.125,0.0,7.375],"rotation":0,"texture":"#0","tintindex":0},"south":{"uv":[0.5,6.125,0.0,7.375],"rotation":0,"texture":"#0","tintindex":0},"north":{"uv":[0.5,6.125,0.0,7.375],"rotation":0,"texture":"#0","tintindex":0},"west":{"uv":[0.0,6.125,0.5,7.375],"rotation":0,"texture":"#0","tintindex":0},"up":{"uv":[10.1875,6.9375,9.6875,6.4375],"rotation":0,"texture":"#0","tintindex":0},"down":{"uv":[10.1875,6.4375,9.6875,6.9375],"rotation":0,"texture":"#0","tintindex":0}}},{"from":[10.285714,3.4427395,3.4874773],"to":[14.342857,8.014168,11.487478],"rotation":{"angle":0.0,"axis":"y","origin":[11.133001,6.726705,7.429453]},"faces":{"east":{"uv":[7.5625,6.8125,8.4375,7.3125],"rotation":0,"texture":"#0","tintindex":0},"south":{"uv":[2.625,10.1875,2.1875,10.6875],"rotation":0,"texture":"#0","tintindex":0},"north":{"uv":[2.1875,10.1875,2.625,10.6875],"rotation":0,"texture":"#0","tintindex":0},"west":{"uv":[8.4375,6.8125,7.5625,7.3125],"rotation":0,"texture":"#0","tintindex":0},"up":{"uv":[8.6875,9.3125,8.25,8.4375],"rotation":0,"texture":"#0","tintindex":0},"down":{"uv":[8.6875,8.4375,8.25,9.3125],"rotation":0,"texture":"#0","tintindex":0}}},{"from":[10.857143,0.92845345,5.773192],"to":[14.914286,6.071311,9.201763],"rotation":{"angle":0.0,"axis":"y","origin":[11.133001,6.726705,7.429453]},"faces":{"east":{"uv":[6.1875,10.25,6.5625,10.8125],"rotation":0,"texture":"#0","tintindex":0},"south":{"uv":[4.1875,10.0625,3.75,10.625],"rotation":0,"texture":"#0","tintindex":0},"north":{"uv":[3.75,10.0625,4.1875,10.625],"rotation":0,"texture":"#0","tintindex":0},"west":{"uv":[6.5625,10.25,6.1875,10.8125],"rotation":0,"texture":"#0","tintindex":0},"up":{"uv":[11.1875,0.375,10.75,0.0],"rotation":0,"texture":"#0","tintindex":0},"down":{"uv":[11.1875,0.0,10.75,0.375],"rotation":0,"texture":"#0","tintindex":0}}},{"from":[6.837957,-1.7496462,5.8303347],"to":[10.266528,2.821783,9.144621],"rotation":{"angle":45.0,"axis":"z","origin":[11.133001,6.726705,7.429453]},"faces":{"east":{"uv":[10.6875,0.4375,11.0625,0.9375],"rotation":0,"texture":"#0","tintindex":0},"south":{"uv":[8.3125,10.3125,7.9375,10.8125],"rotation":0,"texture":"#0","tintindex":0},"north":{"uv":[7.9375,10.3125,8.3125,10.8125],"rotation":0,"texture":"#0","tintindex":0},"west":{"uv":[11.0625,0.4375,10.6875,0.9375],"rotation":0,"texture":"#0","tintindex":0},"up":{"uv":[11.25,9.4375,10.875,9.0625],"rotation":0,"texture":"#0","tintindex":0},"down":{"uv":[11.25,9.0625,10.875,9.4375],"rotation":0,"texture":"#0","tintindex":0}}},{"from":[6.857143,5.142857,2.8571424],"to":[13.142858,12.0,12.0],"rotation":{"angle":0.0,"axis":"y","origin":[11.133001,6.726705,7.429453]},"faces":{"east":{"uv":[2.875,5.125,1.875,5.875],"rotation":0,"texture":"#0","tintindex":0},"south":{"uv":[7.3125,2.75,6.625,3.5],"rotation":0,"texture":"#0","tintindex":0},"north":{"uv":[6.625,2.75,7.3125,3.5],"rotation":0,"texture":"#0","tintindex":0},"west":{"uv":[1.875,5.125,2.875,5.875],"rotation":0,"texture":"#0","tintindex":0},"up":{"uv":[3.5625,6.4375,2.875,5.4375],"rotation":0,"texture":"#0","tintindex":0},"down":{"uv":[3.5625,5.4375,2.875,6.4375],"rotation":0,"texture":"#0","tintindex":0}}},{"from":[11.212183,9.177042,2.287477],"to":[13.497898,11.462756,4.5731916],"rotation":{"angle":-45.0,"axis":"z","origin":[11.212183,11.462756,2.287477]},"faces":{"east":{"uv":[9.8125,6.0625,10.0625,6.3125],"rotation":180,"texture":"#0","tintindex":0},"south":{"uv":[11.8125,11.25,12.0625,11.5],"rotation":180,"texture":"#0","tintindex":0},"north":{"uv":[12.0625,11.25,11.8125,11.5],"rotation":180,"texture":"#0","tintindex":0},"west":{"uv":[9.8125,6.0625,10.0625,6.3125],"rotation":180,"texture":"#0","tintindex":0},"up":{"uv":[7.0625,9.75,6.8125,10.0],"rotation":0,"texture":"#0","tintindex":0},"down":{"uv":[7.0625,10.0,6.8125,9.75],"rotation":0,"texture":"#0","tintindex":0}}},{"from":[9.930674,8.703654,10.287478],"to":[12.216389,10.989369,12.573193],"rotation":{"angle":45.0,"axis":"z","origin":[11.073531,9.846512,0.7160487]},"faces":{"east":{"uv":[9.8125,6.0625,10.0625,6.3125],"rotation":180,"texture":"#0","tintindex":0},"south":{"uv":[12.0625,11.25,11.8125,11.5],"rotation":180,"texture":"#0","tintindex":0},"north":{"uv":[11.8125,11.25,12.0625,11.5],"rotation":180,"texture":"#0","tintindex":0},"west":{"uv":[9.8125,6.0625,10.0625,6.3125],"rotation":180,"texture":"#0","tintindex":0},"up":{"uv":[7.0625,9.75,6.8125,10.0],"rotation":180,"texture":"#0","tintindex":0},"down":{"uv":[7.0625,10.0,6.8125,9.75],"rotation":180,"texture":"#0","tintindex":0}}},{"from":[7.583205,5.865737,4.5714283],"to":[13.297491,13.865738,10.285714],"rotation":{"angle":-22.5,"axis":"z","origin":[11.133001,6.726705,7.429453]},"faces":{"east":{"uv":[2.625,6.4375,3.25,7.3125],"rotation":0,"texture":"#0","tintindex":0},"south":{"uv":[7.0,5.875,6.375,6.75],"rotation":0,"texture":"#0","tintindex":0},"north":{"uv":[6.375,5.875,7.0,6.75],"rotation":0,"texture":"#0","tintindex":0},"west":{"uv":[3.25,6.4375,2.625,7.3125],"rotation":0,"texture":"#0","tintindex":0},"up":{"uv":[8.875,1.4375,8.25,0.8125],"rotation":0,"texture":"#0","tintindex":0},"down":{"uv":[8.875,0.8125,8.25,1.4375],"rotation":0,"texture":"#0","tintindex":0}}},{"from":[13.983206,8.265738,4.0017633],"to":[14.040348,18.265738,10.858907],"rotation":{"angle":-22.5,"axis":"z","origin":[10.733001,6.726705,7.543739]},"faces":{"east":{"uv":[4.3125,3.375,5.0625,4.5],"rotation":0,"texture":"#0","tintindex":0},"south":{"uv":[2.8125,4.0,2.3125,5.125],"rotation":0,"texture":"#0","tintindex":0},"north":{"uv":[2.3125,4.0,2.8125,5.125],"rotation":0,"texture":"#0","tintindex":0},"west":{"uv":[5.0625,3.375,4.3125,4.5],"rotation":0,"texture":"#0","tintindex":0},"up":{"uv":[9.25,2.75,8.5,2.25],"rotation":0,"texture":"#0","tintindex":0},"down":{"uv":[9.3125,1.4375,8.5625,1.9375],"rotation":0,"texture":"#0","tintindex":0}}},{"from":[9.46892,8.265738,4.0017633],"to":[14.040348,18.265738,4.058906],"rotation":{"angle":-22.5,"axis":"z","origin":[10.733001,6.726705,7.543739]},"faces":{"east":{"uv":[4.3125,3.375,5.0625,4.5],"rotation":0,"texture":"#0","tintindex":0},"south":{"uv":[2.8125,4.0,2.3125,5.125],"rotation":0,"texture":"#0","tintindex":0},"north":{"uv":[2.3125,4.0,2.8125,5.125],"rotation":0,"texture":"#0","tintindex":0},"west":{"uv":[6.375,4.75,6.875,5.875],"rotation":0,"texture":"#0","tintindex":0},"up":{"uv":[9.25,2.75,8.5,2.25],"rotation":0,"texture":"#0","tintindex":0},"down":{"uv":[9.3125,1.4375,8.5625,1.9375],"rotation":0,"texture":"#0","tintindex":0}}},{"from":[9.46892,8.265738,10.801764],"to":[14.040348,18.265738,10.858907],"rotation":{"angle":-22.5,"axis":"z","origin":[10.733001,6.726705,7.543739]},"faces":{"east":{"uv":[4.3125,3.375,5.0625,4.5],"rotation":0,"texture":"#0","tintindex":0},"south":{"uv":[2.8125,4.0,2.3125,5.125],"rotation":0,"texture":"#0","tintindex":0},"north":{"uv":[2.3125,4.0,2.8125,5.125],"rotation":0,"texture":"#0","tintindex":0},"west":{"uv":[6.375,4.75,6.875,5.875],"rotation":0,"texture":"#0","tintindex":0},"up":{"uv":[9.25,2.75,8.5,2.25],"rotation":0,"texture":"#0","tintindex":0},"down":{"uv":[9.3125,1.4375,8.5625,1.9375],"rotation":0,"texture":"#0","tintindex":0}}}],"display":{"head":{"translation":[0.0,-6.4,0.0],"scale":[4.0,4.0,4.0]}}}