{"textures":{"0":"modelengine:entity/ergeox"},"elements":[{"from":[1.8213124,6.5293727,6.8527746],"to":[14.96417,8.815087,9.138489],"rotation":{"angle":0.0,"axis":"y","origin":[-3.2688932,8.803053,25.158148]},"faces":{"east":{"uv":[11.8125,9.6875,12.0625,9.9375],"rotation":180,"texture":"#0","tintindex":0},"south":{"uv":[8.4375,5.75,9.875,6.0],"rotation":180,"texture":"#0","tintindex":0},"north":{"uv":[9.875,5.75,8.4375,6.0],"rotation":180,"texture":"#0","tintindex":0},"west":{"uv":[11.8125,9.6875,12.0625,9.9375],"rotation":180,"texture":"#0","tintindex":0},"up":{"uv":[4.25,8.25,4.5,9.6875],"rotation":90,"texture":"#0","tintindex":0},"down":{"uv":[4.5,9.6875,4.25,8.25],"rotation":270,"texture":"#0","tintindex":0}}},{"from":[2.3927407,5.957944,6.281346],"to":[4.6784554,9.386516,9.709917],"rotation":{"angle":0.0,"axis":"y","origin":[-11.154608,8.803053,25.158148]},"faces":{"east":{"uv":[11.0625,0.375,11.4375,0.75],"rotation":180,"texture":"#0","tintindex":0},"south":{"uv":[7.1875,11.5625,7.4375,11.9375],"rotation":180,"texture":"#0","tintindex":0},"north":{"uv":[7.4375,11.5625,7.1875,11.9375],"rotation":180,"texture":"#0","tintindex":0},"west":{"uv":[11.0625,0.375,11.4375,0.75],"rotation":180,"texture":"#0","tintindex":0},"up":{"uv":[2.25,4.875,1.875,5.125],"rotation":90,"texture":"#0","tintindex":0},"down":{"uv":[2.25,5.125,1.875,4.875],"rotation":270,"texture":"#0","tintindex":0}}},{"from":[10.278456,5.957944,6.281346],"to":[12.56417,9.386516,9.709917],"rotation":{"angle":0.0,"axis":"y","origin":[-3.2688932,8.803053,25.158148]},"faces":{"east":{"uv":[11.0625,0.375,11.4375,0.75],"rotation":180,"texture":"#0","tintindex":0},"south":{"uv":[7.1875,11.5625,7.4375,11.9375],"rotation":180,"texture":"#0","tintindex":0},"north":{"uv":[7.4375,11.5625,7.1875,11.9375],"rotation":180,"texture":"#0","tintindex":0},"west":{"uv":[11.0625,0.375,11.4375,0.75],"rotation":180,"texture":"#0","tintindex":0},"up":{"uv":[2.25,4.875,1.875,5.125],"rotation":90,"texture":"#0","tintindex":0},"down":{"uv":[2.25,5.125,1.875,4.875],"rotation":270,"texture":"#0","tintindex":0}}},{"from":[18.278456,4.2436585,5.709917],"to":[22.849884,13.386516,10.281346],"rotation":{"angle":0.0,"axis":"y","origin":[12.849884,14.100801,8.034946]},"faces":{"east":{"uv":[7.0,5.5,7.5,6.5],"rotation":180,"texture":"#0","tintindex":0},"south":{"uv":[5.5625,7.0625,5.0625,8.0625],"rotation":180,"texture":"#0","tintindex":0},"north":{"uv":[5.0625,7.0625,5.5625,8.0625],"rotation":180,"texture":"#0","tintindex":0},"west":{"uv":[7.0,5.5,7.5,6.5],"rotation":180,"texture":"#0","tintindex":0},"up":{"uv":[6.3125,9.75,5.8125,10.25],"rotation":90,"texture":"#0","tintindex":0},"down":{"uv":[6.3125,10.25,5.8125,9.75],"rotation":270,"texture":"#0","tintindex":0}}},{"from":[13.135599,3.100801,6.281346],"to":[16.56417,4.2436585,9.709917],"rotation":{"angle":0.0,"axis":"y","origin":[12.849884,14.100801,8.034946]},"faces":{"east":{"uv":[10.125,4.3125,10.5,4.4375],"rotation":180,"texture":"#0","tintindex":0},"south":{"uv":[11.1875,7.5625,10.8125,7.6875],"rotation":180,"texture":"#0","tintindex":0},"north":{"uv":[10.8125,7.5625,11.1875,7.6875],"rotation":180,"texture":"#0","tintindex":0},"west":{"uv":[10.125,4.3125,10.5,4.4375],"rotation":180,"texture":"#0","tintindex":0},"up":{"uv":[1.4375,11.1875,1.0625,11.5625],"rotation":90,"texture":"#0","tintindex":0},"down":{"uv":[1.4375,11.5625,1.0625,11.1875],"rotation":270,"texture":"#0","tintindex":0}}},{"from":[18.849884,3.100801,6.281346],"to":[22.278456,4.2436585,9.709917],"rotation":{"angle":0.0,"axis":"y","origin":[12.849884,14.100801,8.034946]},"faces":{"east":{"uv":[10.125,4.3125,10.5,4.4375],"rotation":180,"texture":"#0","tintindex":0},"south":{"uv":[11.1875,7.5625,10.8125,7.6875],"rotation":180,"texture":"#0","tintindex":0},"north":{"uv":[10.8125,7.5625,11.1875,7.6875],"rotation":180,"texture":"#0","tintindex":0},"west":{"uv":[10.125,4.3125,10.5,4.4375],"rotation":180,"texture":"#0","tintindex":0},"up":{"uv":[1.4375,11.1875,1.0625,11.5625],"rotation":90,"texture":"#0","tintindex":0},"down":{"uv":[1.4375,11.5625,1.0625,11.1875],"rotation":270,"texture":"#0","tintindex":0}}},{"from":[17.1356,7.67223,6.281346],"to":[18.278456,10.529373,9.709917],"rotation":{"angle":0.0,"axis":"y","origin":[12.849884,14.100801,8.034946]},"faces":{"east":{"uv":[11.4375,8.0625,11.8125,8.375],"rotation":180,"texture":"#0","tintindex":0},"south":{"uv":[1.125,4.5,1.0,4.8125],"rotation":180,"texture":"#0","tintindex":0},"north":{"uv":[1.0,4.5,1.125,4.8125],"rotation":180,"texture":"#0","tintindex":0},"west":{"uv":[11.4375,8.0625,11.8125,8.375],"rotation":180,"texture":"#0","tintindex":0},"up":{"uv":[12.375,0.4375,12.0,0.5625],"rotation":90,"texture":"#0","tintindex":0},"down":{"uv":[12.375,0.5625,12.0,0.4375],"rotation":270,"texture":"#0","tintindex":0}}},{"from":[12.56417,4.2436585,5.138489],"to":[17.1356,11.67223,10.852775],"rotation":{"angle":0.0,"axis":"y","origin":[12.849884,14.100801,8.034946]},"faces":{"east":{"uv":[6.5,6.75,7.125,7.5625],"rotation":180,"texture":"#0","tintindex":0},"south":{"uv":[8.75,0.0,8.25,0.8125],"rotation":180,"texture":"#0","tintindex":0},"north":{"uv":[8.25,0.0,8.75,0.8125],"rotation":180,"texture":"#0","tintindex":0},"west":{"uv":[6.5,6.75,7.125,7.5625],"rotation":180,"texture":"#0","tintindex":0},"up":{"uv":[5.375,8.875,4.75,9.375],"rotation":90,"texture":"#0","tintindex":0},"down":{"uv":[5.375,9.375,4.75,8.875],"rotation":270,"texture":"#0","tintindex":0}}},{"from":[13.135599,11.67223,6.281346],"to":[16.56417,27.100803,9.709917],"rotation":{"angle":0.0,"axis":"y","origin":[12.849884,14.100801,8.034946]},"faces":{"east":{"uv":[0.875,5.75,1.25,7.4375],"rotation":180,"texture":"#0","tintindex":0},"south":{"uv":[1.625,5.75,1.25,7.4375],"rotation":180,"texture":"#0","tintindex":0},"north":{"uv":[1.25,5.75,1.625,7.4375],"rotation":180,"texture":"#0","tintindex":0},"west":{"uv":[0.875,5.75,1.25,7.4375],"rotation":180,"texture":"#0","tintindex":0},"up":{"uv":[7.75,11.1875,7.375,11.5625],"rotation":90,"texture":"#0","tintindex":0},"down":{"uv":[7.75,11.5625,7.375,11.1875],"rotation":270,"texture":"#0","tintindex":0}}},{"from":[12.56417,23.67223,5.709917],"to":[17.1356,25.386517,10.281346],"rotation":{"angle":0.0,"axis":"y","origin":[12.849884,14.100801,8.034946]},"faces":{"east":{"uv":[12.25,2.5625,11.75,2.75],"rotation":180,"texture":"#0","tintindex":0},"south":{"uv":[8.1875,11.75,7.6875,11.9375],"rotation":180,"texture":"#0","tintindex":0},"north":{"uv":[7.6875,11.75,8.1875,11.9375],"rotation":180,"texture":"#0","tintindex":0},"west":{"uv":[11.75,2.5625,12.25,2.75],"rotation":180,"texture":"#0","tintindex":0},"up":{"uv":[2.1875,9.8125,1.6875,10.3125],"rotation":90,"texture":"#0","tintindex":0},"down":{"uv":[2.1875,10.3125,1.6875,9.8125],"rotation":270,"texture":"#0","tintindex":0}}},{"from":[18.278456,13.386516,5.709917],"to":[22.849884,15.100801,10.281346],"rotation":{"angle":0.0,"axis":"y","origin":[12.849884,14.100801,8.034946]},"faces":{"east":{"uv":[12.25,2.5625,11.75,2.75],"rotation":180,"texture":"#0","tintindex":0},"south":{"uv":[8.1875,11.75,7.6875,11.9375],"rotation":180,"texture":"#0","tintindex":0},"north":{"uv":[7.6875,11.75,8.1875,11.9375],"rotation":180,"texture":"#0","tintindex":0},"west":{"uv":[11.75,2.5625,12.25,2.75],"rotation":180,"texture":"#0","tintindex":0},"up":{"uv":[2.1875,9.8125,1.6875,10.3125],"rotation":90,"texture":"#0","tintindex":0},"down":{"uv":[2.1875,10.3125,1.6875,9.8125],"rotation":270,"texture":"#0","tintindex":0}}},{"from":[12.56417,20.815088,5.709917],"to":[17.1356,22.529373,10.281346],"rotation":{"angle":0.0,"axis":"y","origin":[12.849884,14.100801,8.034946]},"faces":{"east":{"uv":[12.25,2.5625,11.75,2.75],"rotation":180,"texture":"#0","tintindex":0},"south":{"uv":[8.1875,11.75,7.6875,11.9375],"rotation":180,"texture":"#0","tintindex":0},"north":{"uv":[7.6875,11.75,8.1875,11.9375],"rotation":180,"texture":"#0","tintindex":0},"west":{"uv":[11.75,2.5625,12.25,2.75],"rotation":180,"texture":"#0","tintindex":0},