{"textures":{"0":"modelengine:entity/ergeox"},"elements":[{"from":[3.0571427,7.142857,4.0],"to":[12.200001,14.571428,12.0],"rotation":{"angle":0.0,"axis":"y","origin":[7.6285715,10.636972,8.099062]},"faces":{"east":{"uv":[6.1875,4.5625,5.3125,5.375],"rotation":0,"texture":"#0","tintindex":0},"south":{"uv":[4.3125,4.5,5.3125,5.3125],"rotation":0,"texture":"#0","tintindex":0},"north":{"uv":[0.0,4.5,1.0,5.3125],"rotation":0,"texture":"#0","tintindex":0},"west":{"uv":[5.3125,4.5625,6.1875,5.375],"rotation":0,"texture":"#0","tintindex":0},"up":{"uv":[5.125,1.75,4.125,0.875],"rotation":0,"texture":"#0","tintindex":0},"down":{"uv":[5.125,0.875,4.125,1.75],"rotation":0,"texture":"#0","tintindex":0}}},{"from":[4.771428,7.714286,3.4285712],"to":[10.485714,11.714286,4.5714283],"rotation":{"angle":0.0,"axis":"y","origin":[7.6285715,10.351257,8.099062]},"faces":{"east":{"uv":[7.3125,2.3125,7.1875,2.75],"rotation":0,"texture":"#0","tintindex":0},"south":{"uv":[10.0625,0.5625,9.4375,1.0],"rotation":0,"texture":"#0","tintindex":0},"north":{"uv":[9.4375,0.5625,10.0625,1.0],"rotation":0,"texture":"#0","tintindex":0},"west":{"uv":[7.1875,2.3125,7.3125,2.75],"rotation":0,"texture":"#0","tintindex":0},"up":{"uv":[5.75,1.75,5.125,1.625],"rotation":0,"texture":"#0","tintindex":0},"down":{"uv":[5.75,1.625,5.125,1.75],"rotation":0,"texture":"#0","tintindex":0}}},{"from":[4.771428,7.714286,11.428572],"to":[10.485714,11.714286,12.571428],"rotation":{"angle":0.0,"axis":"y","origin":[7.6285715,10.351257,7.9009376]},"faces":{"east":{"uv":[7.1875,2.3125,7.3125,2.75],"rotation":0,"texture":"#0","tintindex":0},"south":{"uv":[10.0625,0.5625,9.4375,1.0],"rotation":0,"texture":"#0","tintindex":0},"north":{"uv":[9.4375,0.5625,10.0625,1.0],"rotation":0,"texture":"#0","tintindex":0},"west":{"uv":[7.3125,2.3125,7.1875,2.75],"rotation":0,"texture":"#0","tintindex":0},"up":{"uv":[5.75,1.625,5.125,1.75],"rotation":0,"texture":"#0","tintindex":0},"down":{"uv":[5.75,1.75,5.125,1.625],"rotation":0,"texture":"#0","tintindex":0}}},{"from":[7.8659616,8.053839,2.9142857],"to":[10.151676,10.339553,13.028572],"rotation":{"angle":45.0,"axis":"z","origin":[7.6285715,7.839625,6.4628735]},"faces":{"east":{"uv":[9.8125,6.0625,10.75,6.3125],"rotation":0,"texture":"#0","tintindex":0},"south":{"uv":[11.8125,11.5,12.0625,11.25],"rotation":0,"texture":"#0","tintindex":0},"north":{"uv":[11.8125,11.25,12.0625,11.5],"rotation":0,"texture":"#0","tintindex":0},"west":{"uv":[9.8125,6.0625,10.75,6.3125],"rotation":0,"texture":"#0","tintindex":0},"up":{"uv":[7.0625,10.6875,6.8125,9.75],"rotation":0,"texture":"#0","tintindex":0},"down":{"uv":[7.0625,9.75,6.8125,10.6875],"rotation":0,"texture":"#0","tintindex":0}}}],"display":{"head":{"translation":[0.0,-6.4,0.0],"scale":[4.0,4.0,4.0]}}}