{"textures":{"0":"modelengine:entity/ergeox"},"elements":[{"from":[2.8571424,0.85714245,7.9714284],"to":[13.142858,8.285714,8.028571],"rotation":{"angle":0.0,"axis":"y","origin":[8.0,4.5714283,8.0]},"faces":{"east":{"uv":[7.3125,3.6875,7.375,4.5],"rotation":0,"texture":"#0","tintindex":0},"south":{"uv":[3.125,2.875,4.25,3.6875],"rotation":0,"texture":"#0","tintindex":0},"north":{"uv":[3.125,2.875,4.25,3.6875],"rotation":0,"texture":"#0","tintindex":0},"west":{"uv":[8.5,11.9375,8.5625,12.75],"rotation":0,"texture":"#0","tintindex":0},"up":{"uv":[12.8125,0.6875,11.8125,0.625],"rotation":0,"texture":"#0","tintindex":0},"down":{"uv":[12.8125,4.25,11.8125,4.3125],"rotation":0,"texture":"#0","tintindex":0}}},{"from":[2.8121834,6.6894865,6.2],"to":[5.0978975,8.975201,8.485714],"rotation":{"angle":45.0,"axis":"z","origin":[3.95504,7.832344,4.5142856]},"faces":{"east":{"uv":[9.8125,6.0625,10.0625,6.3125],"rotation":180,"texture":"#0","tintindex":0},"south":{"uv":[12.0625,11.25,11.8125,11.5],"rotation":180,"texture":"#0","tintindex":0},"north":{"uv":[11.8125,11.25,12.0625,11.5],"rotation":180,"texture":"#0","tintindex":0},"west":{"uv":[9.8125,6.0625,10.0625,6.3125],"rotation":180,"texture":"#0","tintindex":0},"up":{"uv":[7.0625,9.75,6.8125,10.0],"rotation":180,"texture":"#0","tintindex":0},"down":{"uv":[7.0625,10.0,6.8125,9.75],"rotation":180,"texture":"#0","tintindex":0}}},{"from":[9.448324,6.110981,6.142857],"to":[11.734038,8.396695,8.428572],"rotation":{"angle":-45.0,"axis":"z","origin":[11.971429,5.8967676,1.8628736]},"faces":{"east":{"uv":[10.0625,6.0625,9.8125,6.3125],"rotation":0,"texture":"#0","tintindex":0},"south":{"uv":[11.8125,11.25,12.0625,11.5],"rotation":0,"texture":"#0","tintindex":0},"north":{"uv":[12.0625,11.25,11.8125,11.5],"rotation":0,"texture":"#0","tintindex":0},"west":{"uv":[10.0625,6.0625,9.8125,6.3125],"rotation":0,"texture":"#0","tintindex":0},"up":{"uv":[6.8125,10.0,7.0625,9.75],"rotation":0,"texture":"#0","tintindex":0},"down":{"uv":[6.8125,9.75,7.0625,10.0],"rotation":0,"texture":"#0","tintindex":0}}}],"display":{"head":{"translation":[0.0,-6.4,0.0],"scale":[4.0,4.0,4.0]}}}