{"textures":{"0":"modelengine:entity/ergeox"},"elements":[{"from":[5.714286,0.54333115,4.330922],"to":[10.285714,8.029046,8.90235],"rotation":{"angle":0.0,"axis":"y","origin":[8.0,5.118677,5.7564836]},"faces":{"east":{"uv":[2.5,8.0,3.0,8.8125],"rotation":0,"texture":"#0","tintindex":0},"south":{"uv":[5.5,8.0625,5.0,8.875],"rotation":0,"texture":"#0","tintindex":0},"north":{"uv":[5.0,8.0625,5.5,8.875],"rotation":0,"texture":"#0","tintindex":0},"west":{"uv":[3.0,8.0,2.5,8.8125],"rotation":0,"texture":"#0","tintindex":0},"up":{"uv":[5.3125,10.25,5.8125,9.75],"rotation":0,"texture":"#0","tintindex":0},"down":{"uv":[5.3125,9.75,5.8125,10.25],"rotation":0,"texture":"#0","tintindex":0}}},{"from":[5.142857,1.6861887,3.188065],"to":[10.857143,5.1147604,9.47378],"rotation":{"angle":0.0,"axis":"y","origin":[8.0,5.118677,5.7564836]},"faces":{"east":{"uv":[9.6875,1.6875,10.375,2.0625],"rotation":0,"texture":"#0","tintindex":0},"south":{"uv":[10.6875,10.0625,10.0625,10.4375],"rotation":0,"texture":"#0","tintindex":0},"north":{"uv":[10.0625,10.0625,10.6875,10.4375],"rotation":0,"texture":"#0","tintindex":0},"west":{"uv":[10.375,1.6875,9.6875,2.0625],"rotation":0,"texture":"#0","tintindex":0},"up":{"uv":[7.75,4.375,8.375,3.6875],"rotation":0,"texture":"#0","tintindex":0},"down":{"uv":[7.75,3.6875,8.375,4.375],"rotation":0,"texture":"#0","tintindex":0}}},{"from":[6.857143,0.21770811,5.9982786],"to":[9.142858,4.789137,9.42685],"rotation":{"angle":-45.0,"axis":"x","origin":[8.0,5.118677,5.7564836]},"faces":{"east":{"uv":[2.0625,10.6875,2.4375,11.1875],"rotation":0,"texture":"#0","tintindex":0},"south":{"uv":[10.3125,11.25,10.0625,11.75],"rotation":0,"texture":"#0","tintindex":0},"north":{"uv":[10.3125,11.25,10.0625,11.75],"rotation":0,"texture":"#0","tintindex":0},"west":{"uv":[2.4375,10.6875,2.0625,11.1875],"rotation":0,"texture":"#0","tintindex":0},"up":{"uv":[5.5625,12.0625,5.8125,11.6875],"rotation":0,"texture":"#0","tintindex":0},"down":{"uv":[5.5625,11.6875,5.8125,12.0625],"rotation":0,"texture":"#0","tintindex":0}}},{"from":[5.142857,4.2748513,7.712565],"to":[10.857143,7.7034225,11.141136],"rotation":{"angle":-45.0,"axis":"x","origin":[8.0,5.2901053,5.7564836]},"faces":{"east":{"uv":[11.0625,6.5,11.4375,6.875],"rotation":0,"texture":"#0","tintindex":0},"south":{"uv":[10.75,3.5625,10.125,3.9375],"rotation":0,"texture":"#0","tintindex":0},"north":{"uv":[10.75,3.5625,10.125,3.9375],"rotation":0,"texture":"#0","tintindex":0},"west":{"uv":[11.4375,6.5,11.0625,6.875],"rotation":0,"texture":"#0","tintindex":0},"up":{"uv":[10.125,8.0625,10.75,7.6875],"rotation":0,"texture":"#0","tintindex":0},"down":{"uv":[10.125,7.6875,10.75,8.0625],"rotation":0,"texture":"#0","tintindex":0}}},{"from":[5.6571426,8.200552,-0.85583687],"to":[10.342857,8.257694,5.429878],"rotation":{"angle":-22.5,"axis":"x","origin":[8.0,5.118677,5.7564836]},"faces":{"east":{"uv":[8.5625,1.625,7.875,2.25],"rotation":0,"texture":"#0","tintindex":0},"south":{"uv":[3.75,8.875,3.25,9.5],"rotation":0,"texture":"#0","tintindex":0},"north":{"uv":[3.25,8.875,2.75,9.5],"rotation":0,"texture":"#0","tintindex":0},"west":{"uv":[7.875,1.625,8.5625,2.25],"rotation":0,"texture":"#0","tintindex":0},"up":{"uv":[0.875,9.375,1.375,8.6875],"rotation":0,"texture":"#0","tintindex":0},"down":{"uv":[8.6875,8.4375,9.1875,9.125],"rotation":0,"texture":"#0","tintindex":0}}},{"from":[10.285714,2.5434089,-0.85583687],"to":[10.342857,8.257694,5.429878],"rotation":{"angle":-22.5,"axis":"x","origin":[8.0,5.118677,5.7564836]},"faces":{"east":{"uv":[8.5625,1.625,7.875,2.25],"rotation":0,"texture":"#0","tintindex":0},"south":{"uv":[3.75,8.875,3.25,9.5],"rotation":0,"texture":"#0","tintindex":0},"north":{"uv":[3.25,8.875,2.75,9.5],"rotation":0,"texture":"#0","tintindex":0},"west":{"uv":[7.875,1.625,8.5625,2.25],"rotation":0,"texture":"#0","tintindex":0},"up":{"uv":[0.875,9.375,1.375,8.6875],"rotation":0,"texture":"#0","tintindex":0},"down":{"uv":[8.6875,8.4375,9.1875,9.125],"rotation":0,"texture":"#0","tintindex":0}}},{"from":[5.6571426,2.5434089,-0.85583687],"to":[5.714286,8.257694,5.429878],"rotation":{"angle":-22.5,"axis":"x","origin":[8.0,5.118677,5.7564836]},"faces":{"east":{"uv":[8.5625,1.625,7.875,2.25],"rotation":0,"texture":"#0","tintindex":0},"south":{"uv":[3.75,8.875,3.25,9.5],"rotation":0,"texture":"#0","tintindex":0},"north":{"uv":[3.25,8.875,2.75,9.5],"rotation":0,"texture":"#0","tintindex":0},"west":{"uv":[7.875,1.625,8.5625,2.25],"rotation":0,"texture":"#0","tintindex":0},"up":{"uv":[0.875,9.375,1.375,8.6875],"rotation":0,"texture":"#0","tintindex":0},"down":{"uv":[8.6875,8.4375,9.1875,9.125],"rotation":0,"texture":"#0","tintindex":0}}},{"from":[6.285714,2.5434089,0.28702068],"to":[9.714286,7.1148376,5.429878],"rotation":{"angle":-22.5,"axis":"x","origin":[8.0,5.118677,5.7564836]},"faces":{"east":{"uv":[9.375,4.4375,9.9375,4.9375],"rotation":0,"texture":"#0","tintindex":0},"south":{"uv":[7.3125,10.6875,7.6875,11.1875],"rotation":0,"texture":"#0","tintindex":0},"north":{"uv":[7.6875,10.6875,7.3125,11.1875],"rotation":0,"texture":"#0","tintindex":0},"west":{"uv":[9.9375,4.4375,9.375,4.9375],"rotation":0,"texture":"#0","tintindex":0},"up":{"uv":[1.6875,10.875,2.0625,10.3125],"rotation":0,"texture":"#0","tintindex":0},"down":{"uv":[2.0625,10.3125,1.6875,10.875],"rotation":0,"texture":"#0","tintindex":0}}},{"from":[6.869668,0.60047436,-1.352457],"to":[9.155382,3.4576173,6.076115],"rotation":{"angle":22.5,"axis":"y","origin":[8.0,5.118677,5.7564836]},"faces":{"east":{"uv":[9.625,2.75,10.4375,3.0625],"rotation":0,"texture":"#0","tintindex":0},"south":{"uv":[4.375,11.75,4.125,12.0625],"rotation":0,"texture":"#0","tintindex":0},"north":{"uv":[4.375,11.75,4.125,12.0625],"rotation":0,"texture":"#0","tintindex":0},"west":{"uv":[10.4375,2.75,9.625,3.0625],"rotation":0,"texture":"#0","tintindex":0},"up":{"uv":[6.5625,11.0625,6.8125,10.25],"rotation":0,"texture":"#0","tintindex":0},"down":{"uv":[6.8125,10.25,6.5625,11.0625],"rotation":0,"texture":"#0","tintindex":0}}},{"from":[6.844618,0.60047436,-1.352457],"to":[9.130332,3.4576173,6.076115],"rotation":{"angle":-22.5,"axis":"y","origin":[8.0,5.118677,5.7564836]},"faces":{"east":{"uv":[9.625,2.75,10.4375,3.0625],"rotation":0,"texture":"#0","tintindex":0},"south":{"uv":[4.125,11.75,4.375,12.0625],"rotation":0,"texture":"#0","tintindex":0},"north":{"uv":[4.125,11.75,4.375,12.0625],"rotation":0,"texture":"#0","tintindex":0},"west":{"uv":[10.4375,2.75,9.625,3.0625],"rotation":0,"texture":"#0","tintindex":0},"up":{"uv":[6.8125,11.0625,6.5625,10.25],"rotation":0,"texture":"#0","tintindex":0},"down":{"uv":[6.5625,10.25,6.8125,11.0625],"rotation":0,"texture":"#0","tintindex":0}}}],"display":{"head":{"translation":[0.0,-6.4,0.0],"scale":[4.0,4.0,4.0]}}}