{"textures":{"0":"modelengine:entity/ergeox"},"elements":[{"from":[6.285714,2.8571424,7.9142857],"to":[9.714286,8.0,9.057143],"rotation":{"angle":0.0,"axis":"y","origin":[8.0,4.714286,8.471429]},"faces":{"east":{"uv":[6.125,0.0,6.0,0.5625],"rotation":0,"texture":"#0","tintindex":0},"south":{"uv":[0.6875,10.3125,0.3125,10.875],"rotation":0,"texture":"#0","tintindex":0},"north":{"uv":[0.3125,10.3125,0.6875,10.875],"rotation":0,"texture":"#0","tintindex":0},"west":{"uv":[6.0,0.0,6.125,0.5625],"rotation":0,"texture":"#0","tintindex":0},"up":{"uv":[9.8125,1.125,9.4375,1.0],"rotation":0,"texture":"#0","tintindex":0},"down":{"uv":[9.8125,1.0,9.4375,1.125],"rotation":0,"texture":"#0","tintindex":0}}},{"from":[4.0,0.5714283,8.428572],"to":[12.0,8.571428,8.485714],"rotation":{"angle":0.0,"axis":"y","origin":[8.0,5.285714,8.471429]},"faces":{"east":{"uv":[3.25,11.9375,3.3125,12.8125],"rotation":0,"texture":"#0","tintindex":0},"south":{"uv":[3.9375,4.5625,3.0625,5.4375],"rotation":0,"texture":"#0","tintindex":0},"north":{"uv":[3.0625,4.5625,3.9375,5.4375],"rotation":0,"texture":"#0","tintindex":0},"west":{"uv":[3.3125,11.9375,3.375,12.8125],"rotation":0,"texture":"#0","tintindex":0},"up":{"uv":[12.6875,7.9375,11.8125,7.875],"rotation":0,"texture":"#0","tintindex":0},"down":{"uv":[12.6875,8.3125,11.8125,8.375],"rotation":0,"texture":"#0","tintindex":0}}},{"from":[4.0,-7.4285717,8.428572],"to":[12.0,0.5714283,8.485714],"rotation":{"angle":22.5,"axis":"x","origin":[8.0,0.5714283,8.457143]},"faces":{"east":{"uv":[8.375,11.9375,8.4375,12.8125],"rotation":0,"texture":"#0","tintindex":0},"south":{"uv":[5.875,1.75,5.0,2.625],"rotation":0,"texture":"#0","tintindex":0},"north":{"uv":[5.0,1.75,5.875,2.625],"rotation":0,"texture":"#0","tintindex":0},"west":{"uv":[8.4375,11.9375,8.5,12.8125],"rotation":0,"texture":"#0","tintindex":0},"up":{"uv":[12.6875,10.0,11.8125,9.9375],"rotation":0,"texture":"#0","tintindex":0},"down":{"uv":[12.8125,4.5,11.9375,4.5625],"rotation":0,"texture":"#0","tintindex":0}}}],"display":{"head":{"translation":[0.0,-6.4,0.0],"scale":[4.0,4.0,4.0]}}}