{"textures":{"0":"modelengine:entity/ergeox"},"elements":[{"from":[6.8527746,7.1849127,1.8213124],"to":[9.138489,9.470627,14.96417],"rotation":{"angle":0.0,"axis":"y","origin":[25.158148,7.1969476,-3.2688932]},"faces":{"east":{"uv":[8.4375,5.75,9.875,6.0],"rotation":0,"texture":"#0","tintindex":0},"south":{"uv":[11.8125,9.6875,12.0625,9.9375],"rotation":0,"texture":"#0","tintindex":0},"north":{"uv":[11.8125,9.6875,12.0625,9.9375],"rotation":0,"texture":"#0","tintindex":0},"west":{"uv":[9.875,5.75,8.4375,6.0],"rotation":0,"texture":"#0","tintindex":0},"up":{"uv":[4.5,9.6875,4.25,8.25],"rotation":0,"texture":"#0","tintindex":0},"down":{"uv":[4.25,8.25,4.5,9.6875],"rotation":0,"texture":"#0","tintindex":0}}},{"from":[6.281346,6.6134844,2.3927407],"to":[9.709917,10.042056,4.6784554],"rotation":{"angle":0.0,"axis":"y","origin":[25.158148,7.1969476,-11.154608]},"faces":{"east":{"uv":[7.1875,11.5625,7.4375,11.9375],"rotation":0,"texture":"#0","tintindex":0},"south":{"uv":[11.0625,0.375,11.4375,0.75],"rotation":0,"texture":"#0","tintindex":0},"north":{"uv":[11.0625,0.375,11.4375,0.75],"rotation":0,"texture":"#0","tintindex":0},"west":{"uv":[7.4375,11.5625,7.1875,11.9375],"rotation":0,"texture":"#0","tintindex":0},"up":{"uv":[2.25,5.125,1.875,4.875],"rotation":0,"texture":"#0","tintindex":0},"down":{"uv":[2.25,4.875,1.875,5.125],"rotation":0,"texture":"#0","tintindex":0}}},{"from":[6.281346,6.6134844,10.278456],"to":[9.709917,10.042056,12.56417],"rotation":{"angle":0.0,"axis":"y","origin":[25.158148,7.1969476,-3.2688932]},"faces":{"east":{"uv":[7.1875,11.5625,7.4375,11.9375],"rotation":0,"texture":"#0","tintindex":0},"south":{"uv":[11.0625,0.375,11.4375,0.75],"rotation":0,"texture":"#0","tintindex":0},"north":{"uv":[11.0625,0.375,11.4375,0.75],"rotation":0,"texture":"#0","tintindex":0},"west":{"uv":[7.4375,11.5625,7.1875,11.9375],"rotation":0,"texture":"#0","tintindex":0},"up":{"uv":[2.25,5.125,1.875,4.875],"rotation":0,"texture":"#0","tintindex":0},"down":{"uv":[2.25,4.875,1.875,5.125],"rotation":0,"texture":"#0","tintindex":0}}},{"from":[5.709917,2.6134844,18.278456],"to":[10.281346,11.756342,22.849884],"rotation":{"angle":0.0,"axis":"y","origin":[8.034946,1.8991985,12.849884]},"faces":{"east":{"uv":[5.5625,7.0625,5.0625,8.0625],"rotation":0,"texture":"#0","tintindex":0},"south":{"uv":[7.0,5.5,7.5,6.5],"rotation":0,"texture":"#0","tintindex":0},"north":{"uv":[7.0,5.5,7.5,6.5],"rotation":0,"texture":"#0","tintindex":0},"west":{"uv":[5.0625,7.0625,5.5625,8.0625],"rotation":0,"texture":"#0","tintindex":0},"up":{"uv":[6.3125,10.25,5.8125,9.75],"rotation":0,"texture":"#0","tintindex":0},"down":{"uv":[6.3125,9.75,5.8125,10.25],"rotation":0,"texture":"#0","tintindex":0}}},{"from":[6.281346,11.756342,13.135599],"to":[9.709917,12.899199,16.56417],"rotation":{"angle":0.0,"axis":"y","origin":[8.034946,1.8991985,12.849884]},"faces":{"east":{"uv":[11.1875,7.5625,10.8125,7.6875],"rotation":0,"texture":"#0","tintindex":0},"south":{"uv":[10.125,4.3125,10.5,4.4375],"rotation":0,"texture":"#0","tintindex":0},"north":{"uv":[10.125,4.3125,10.5,4.4375],"rotation":0,"texture":"#0","tintindex":0},"west":{"uv":[10.8125,7.5625,11.1875,7.6875],"rotation":0,"texture":"#0","tintindex":0},"up":{"uv":[1.4375,11.5625,1.0625,11.1875],"rotation":0,"texture":"#0","tintindex":0},"down":{"uv":[1.4375,11.1875,1.0625,11.5625],"rotation":0,"texture":"#0","tintindex":0}}},{"from":[6.281346,11.756342,18.849884],"to":[9.709917,12.899199,22.278456],"rotation":{"angle":0.0,"axis":"y","origin":[8.034946,1.8991985,12.849884]},"faces":{"east":{"uv":[11.1875,7.5625,10.8125,7.6875],"rotation":0,"texture":"#0","tintindex":0},"south":{"uv":[10.125,4.3125,10.5,4.4375],"rotation":0,"texture":"#0","tintindex":0},"north":{"uv":[10.125,4.3125,10.5,4.4375],"rotation":0,"texture":"#0","tintindex":0},"west":{"uv":[10.8125,7.5625,11.1875,7.6875],"rotation":0,"texture":"#0","tintindex":0},"up":{"uv":[1.4375,11.5625,1.0625,11.1875],"rotation":0,"texture":"#0","tintindex":0},"down":{"uv":[1.4375,11.1875,1.0625,11.5625],"rotation":0,"texture":"#0","tintindex":0}}},{"from":[6.281346,5.470627,17.1356],"to":[9.709917,8.32777,18.278456],"rotation":{"angle":0.0,"axis":"y","origin":[8.034946,1.8991985,12.849884]},"faces":{"east":{"uv":[1.125,4.5,1.0,4.8125],"rotation":0,"texture":"#0","tintindex":0},"south":{"uv":[11.4375,8.0625,11.8125,8.375],"rotation":0,"texture":"#0","tintindex":0},"north":{"uv":[11.4375,8.0625,11.8125,8.375],"rotation":0,"texture":"#0","tintindex":0},"west":{"uv":[1.0,4.5,1.125,4.8125],"rotation":0,"texture":"#0","tintindex":0},"up":{"uv":[12.375,0.5625,12.0,0.4375],"rotation":0,"texture":"#0","tintindex":0},"down":{"uv":[12.375,0.4375,12.0,0.5625],"rotation":0,"texture":"#0","tintindex":0}}},{"from":[5.138489,4.3277698,12.56417],"to":[10.852775,11.756342,17.1356],"rotation":{"angle":0.0,"axis":"y","origin":[8.034946,1.8991985,12.849884]},"faces":{"east":{"uv":[8.75,0.0,8.25,0.8125],"rotation":0,"texture":"#0","tintindex":0},"south":{"uv":[6.5,6.75,7.125,7.5625],"rotation":0,"texture":"#0","tintindex":0},"north":{"uv":[6.5,6.75,7.125,7.5625],"rotation":0,"texture":"#0","tintindex":0},"west":{"uv":[8.25,0.0,8.75,0.8125],"rotation":0,"texture":"#0","tintindex":0},"up":{"uv":[5.375,9.375,4.75,8.875],"rotation":0,"texture":"#0","tintindex":0},"down":{"uv":[5.375,8.875,4.75,9.375],"rotation":0,"texture":"#0","tintindex":0}}},{"from":[6.281346,-11.100803,13.135599],"to":[9.709917,4.3277698,16.56417],"rotation":{"angle":0.0,"axis":"y","origin":[8.034946,1.8991985,12.849884]},"faces":{"east":{"uv":[1.625,5.75,1.25,7.4375],"rotation":0,"texture":"#0","tintindex":0},"south":{"uv":[0.875,5.75,1.25,7.4375],"rotation":0,"texture":"#0","tintindex":0},"north":{"uv":[0.875,5.75,1.25,7.4375],"rotation":0,"texture":"#0","tintindex":0},"west":{"uv":[1.25,5.75,1.625,7.4375],"rotation":0,"texture":"#0","tintindex":0},"up":{"uv":[7.75,11.5625,7.375,11.1875],"rotation":0,"texture":"#0","tintindex":0},"down":{"uv":[7.75,11.1875,7.375,11.5625],"rotation":0,"texture":"#0","tintindex":0}}},{"from":[5.709917,-9.386517,12.56417],"to":[10.281346,-7.6722307,17.1356],"rotation":{"angle":0.0,"axis":"y","origin":[8.034946,1.8991985,12.849884]},"faces":{"east":{"uv":[8.1875,11.75,7.6875,11.9375],"rotation":0,"texture":"#0","tintindex":0},"south":{"uv":[12.25,2.5625,11.75,2.75],"rotation":0,"texture":"#0","tintindex":0},"north":{"uv":[11.75,2.5625,12.25,2.75],"rotation":0,"texture":"#0","tintindex":0},"west":{"uv":[7.6875,11.75,8.1875,11.9375],"rotation":0,"texture":"#0","tintindex":0},"up":{"uv":[2.1875,10.3125,1.6875,9.8125],"rotation":0,"texture":"#0","tintindex":0},"down":{"uv":[2.1875,9.8125,1.6875,10.3125],"rotation":0,"texture":"#0","tintindex":0}}},{"from":[5.709917,-6.529374,12.56417],"to":[10.281346,-4.8150883,17.1356],"rotation":{"angle":0.0,"axis":"y","origin":[8.034946,1.8991985,12.849884]},"faces":{"east":{"uv":[8.1875,11.75,7.6875,11.9375],"rotation":0,"texture":"#0","tintindex":0},"south":{"uv":[12.25,2.5625,11.75,2.75],"rotation":0,"texture":"#0","tintindex":0},"north":{"uv":[11.75,2.5625,12.25,2.75],"rotation":0,"texture":"#0","tintindex":0},"west":{"uv":[7.6875,11.75,8.1875,11.9375],"rotation":0,"texture":"#0","tintindex":0},"up":{"uv":[2.1875,10.3125,1.6875,9.8125],"rotation":0,"texture":"#0","tintindex":0},"down":{"uv":[2.1875,9.8125,1.6875,10.3125],"rotation":0,"texture":"#0","tintindex":0}}},{"from":[5.709917,1.4706273,12.56417],"to":[10.281346,3.1849127,17.1356],"rotation":{"angle":0.0,"axis":"y","origin":[8.034946,1.8991985,12.849884]},"faces":{"east":{"uv":[8.1875,11.75,7.6875,11.9375],"rotation":0,"texture":"#0","tintindex":0},"south":{"uv":[12.25,2.5625,11.75,2.75],"rotation":0,"texture":"#0","tintindex":0},"north":{"uv":[11.75,2.5625,12.25,2.75],"rotation":0,"texture":"#0","tintindex":0},"west":{"uv":[7.6875,11.75,8.1875,11.9375],"rotation":0,"texture":"#0","tintindex":0},"up":{"uv":[2.1875,10.3125,1.6875,9.8125],"rotation":0,"texture":"#0","tintindex":0},"down":{"uv":[2.1875,9.8125,1.6875,10.3125],