{"textures":{"0":"modelengine:entity/ergeox"},"elements":[{"from":[3.4332705,6.4443564,4.687397],"to":[6.2904134,9.301499,11.173112],"rotation":{"angle":-45.0,"axis":"z","origin":[6.7414117,4.0456734,8.062965]},"faces":{"east":{"uv":[10.25,3.0625,10.9375,3.375],"rotation":0,"texture":"#0","tintindex":0},"south":{"uv":[9.375,9.5625,9.0625,9.875],"rotation":0,"texture":"#0","tintindex":0},"north":{"uv":[9.0625,9.5625,9.375,9.875],"rotation":0,"texture":"#0","tintindex":0},"west":{"uv":[10.25,3.375,10.9375,3.0625],"rotation":0,"texture":"#0","tintindex":0},"up":{"uv":[5.875,10.9375,6.1875,10.25],"rotation":0,"texture":"#0","tintindex":0},"down":{"uv":[6.1875,10.25,5.875,10.9375],"rotation":0,"texture":"#0","tintindex":0}}},{"from":[4.237402,4.0960307,5.556445],"to":[8.557402,8.096031,10.493588],"rotation":{"angle":0.0,"axis":"y","origin":[6.7414117,4.0456734,8.062965]},"faces":{"east":{"uv":[10.5,8.6875,9.9375,9.125],"rotation":0,"texture":"#0","tintindex":0},"south":{"uv":[1.1875,10.25,0.6875,10.6875],"rotation":0,"texture":"#0","tintindex":0},"north":{"uv":[0.6875,10.25,1.1875,10.6875],"rotation":0,"texture":"#0","tintindex":0},"west":{"uv":[9.9375,8.6875,10.5,9.125],"rotation":0,"texture":"#0","tintindex":0},"up":{"uv":[9.8125,1.6875,9.3125,1.125],"rotation":0,"texture":"#0","tintindex":0},"down":{"uv":[9.8125,1.125,9.3125,1.6875],"rotation":0,"texture":"#0","tintindex":0}}},{"from":[7.917402,3.193174,6.173588],"to":[10.431687,8.564603,9.876446],"rotation":{"angle":0.0,"axis":"y","origin":[6.7414117,4.0456734,8.062965]},"faces":{"east":{"uv":[10.25,8.0625,10.625,8.625],"rotation":0,"texture":"#0","tintindex":0},"south":{"uv":[2.875,5.875,2.625,6.4375],"rotation":0,"texture":"#0","tintindex":0},"north":{"uv":[2.625,5.875,2.875,6.4375],"rotation":0,"texture":"#0","tintindex":0},"west":{"uv":[10.625,8.0625,10.25,8.625],"rotation":0,"texture":"#0","tintindex":0},"up":{"uv":[11.8125,0.375,11.5625,0.0],"rotation":0,"texture":"#0","tintindex":0},"down":{"uv":[11.8125,0.0,11.5625,0.375],"rotation":0,"texture":"#0","tintindex":0}}},{"from":[10.317402,6.793174,6.573588],"to":[12.26026,9.878888,9.133588],"rotation":{"angle":0.0,"axis":"y","origin":[6.7414117,4.0456734,8.062965]},"faces":{"east":{"uv":[4.75,8.5625,5.0,8.875],"rotation":0,"texture":"#0","tintindex":0},"south":{"uv":[3.0625,5.125,2.875,5.4375],"rotation":0,"texture":"#0","tintindex":0},"north":{"uv":[2.875,5.125,3.0625,5.4375],"rotation":0,"texture":"#0","tintindex":0},"west":{"uv":[5.0,8.5625,4.75,8.875],"rotation":0,"texture":"#0","tintindex":0},"up":{"uv":[6.8125,3.75,6.625,3.5],"rotation":0,"texture":"#0","tintindex":0},"down":{"uv":[6.8125,3.5,6.625,3.75],"rotation":0,"texture":"#0","tintindex":0}}},{"from":[2.4316874,4.4503164,6.173588],"to":[5.5174017,7.536031,9.876446],"rotation":{"angle":0.0,"axis":"y","origin":[6.7414117,4.159959,8.062965]},"faces":{"east":{"uv":[11.25,11.3125,10.875,11.625],"rotation":0,"texture":"#0","tintindex":0},"south":{"uv":[11.75,10.0,11.4375,10.3125],"rotation":0,"texture":"#0","tintindex":0},"north":{"uv":[11.4375,10.0,11.75,10.3125],"rotation":0,"texture":"#0","tintindex":0},"west":{"uv":[10.875,11.3125,11.25,11.625],"rotation":0,"texture":"#0","tintindex":0},"up":{"uv":[11.5625,11.6875,11.25,11.3125],"rotation":0,"texture":"#0","tintindex":0},"down":{"uv":[11.25,11.3125,11.5625,11.6875],"rotation":0,"texture":"#0","tintindex":0}}},{"from":[2.9252377,2.4990659,6.7450166],"to":[5.4395237,4.441923,9.3050165],"rotation":{"angle":-22.5,"axis":"z","origin":[6.7414117,4.0456734,8.062965]},"faces":{"east":{"uv":[11.9375,8.375,12.1875,8.5625],"rotation":0,"texture":"#0","tintindex":0},"south":{"uv":[8.5625,11.9375,8.8125,12.125],"rotation":0,"texture":"#0","tintindex":0},"north":{"uv":[8.5625,11.9375,8.8125,12.125],"rotation":0,"texture":"#0","tintindex":0},"west":{"uv":[11.9375,8.375,12.1875,8.5625],"rotation":0,"texture":"#0","tintindex":0},"up":{"uv":[5.25,2.875,5.0,2.625],"rotation":0,"texture":"#0","tintindex":0},"down":{"uv":[5.25,2.625,5.0,2.875],"rotation":0,"texture":"#0","tintindex":0}}},{"from":[6.7788453,0.013967037,5.246624],"to":[8.926502,4.3092813,7.3942814],"rotation":{"angle":22.5,"axis":"z","origin":[6.7414117,4.0456734,8.062965]},"faces":{"east":{"uv":[2.625,11.25,2.875,11.75],"rotation":0,"texture":"#0","tintindex":0},"south":{"uv":[6.8125,11.0625,6.5625,11.5625],"rotation":0,"texture":"#0","tintindex":0},"north":{"uv":[6.5625,11.0625,6.8125,11.5625],"rotation":0,"texture":"#0","tintindex":0},"west":{"uv":[2.875,11.25,2.625,11.75],"rotation":0,"texture":"#0","tintindex":0},"up":{"uv":[10.75,11.125,10.5,10.875],"rotation":0,"texture":"#0","tintindex":0},"down":{"uv":[10.75,10.875,10.5,11.125],"rotation":0,"texture":"#0","tintindex":0}}},{"from":[10.319271,3.3607645,4.945134],"to":[11.751042,4.792536,7.808677],"rotation":{"angle":-45.0,"axis":"z","origin":[6.7414117,4.0456734,8.062965]},"faces":{"east":{"uv":[7.9375,0.5625,8.25,0.75],"rotation":0,"texture":"#0","tintindex":0},"south":{"uv":[9.875,5.5625,9.6875,5.75],"rotation":0,"texture":"#0","tintindex":0},"north":{"uv":[9.6875,5.5625,9.875,5.75],"rotation":0,"texture":"#0","tintindex":0},"west":{"uv":[7.9375,0.5625,8.25,0.75],"rotation":0,"texture":"#0","tintindex":0},"up":{"uv":[10.4375,9.4375,10.25,9.125],"rotation":0,"texture":"#0","tintindex":0},"down":{"uv":[10.25,9.125,10.4375,9.4375],"rotation":0,"texture":"#0","tintindex":0}}},{"from":[9.482742,0.21027851,5.3182125],"to":[11.558811,3.7897067,7.322693],"rotation":{"angle":-45.0,"axis":"z","origin":[6.7414117,4.0456734,8.062965]},"faces":{"east":{"uv":[1.0625,11.5625,1.3125,11.9375],"rotation":0,"texture":"#0","tintindex":0},"south":{"uv":[1.0625,11.5625,0.8125,11.9375],"rotation":0,"texture":"#0","tintindex":0},"north":{"uv":[0.8125,11.5625,1.0625,11.9375],"rotation":0,"texture":"#0","tintindex":0},"west":{"uv":[1.3125,11.5625,1.0625,11.9375],"rotation":0,"texture":"#0","tintindex":0},"up":{"uv":[12.0625,5.8125,11.8125,5.5625],"rotation":0,"texture":"#0","tintindex":0},"down":{"uv":[12.0625,5.5625,11.8125,5.8125],"rotation":0,"texture":"#0","tintindex":0}}},{"from":[3.0006828,0.013967037,6.8947988],"to":[5.1483397,4.3092813,9.042456],"rotation":{"angle":-22.5,"axis":"z","origin":[5.185774,4.0456734,6.226115]},"faces":{"east":{"uv":[2.875,11.25,2.625,11.75],"rotation":0,"texture":"#0","tintindex":0},"south":{"uv":[6.5625,11.0625,6.8125,11.5625],"rotation":0,"texture":"#0","tintindex":0},"north":{"uv":[6.8125,11.0625,6.5625,11.5625],"rotation":0,"texture":"#0","tintindex":0},"west":{"uv":[2.625,11.25,2.875,11.75],"rotation":0,"texture":"#0","tintindex":0},"up":{"uv":[10.75,11.125,10.5,10.875],"rotation":180,"texture":"#0","tintindex":0},"down":{"uv":[10.75,10.875,10.5,11.125],"rotation":180,"texture":"#0","tintindex":0}}},{"from":[0.1761427,3.3607645,6.480403],"to":[1.6079144,4.792536,9.343946],"rotation":{"angle":45.0,"axis":"z","origin":[5.185774,4.0456734,6.226115]},"faces":{"east":{"uv":[7.9375,0.5625,8.25,0.75],"rotation":0,"texture":"#0","tintindex":0},"south":{"uv":[9.6875,5.5625,9.875,5.75],"rotation":0,"texture":"#0","tintindex":0},"north":{"uv":[9.875,5.5625,9.6875,5.75],"rotation":0,"texture":"#0","tintindex":0},"west":{"uv":[7.9375,0.5625,8.25,0.75],"rotation":0,"texture":"#0","tintindex":0},"up":{"uv":[10.4375,9.4375,10.25,9.125],"rotation":180,"texture":"#0","tintindex":0},"down":{"uv":[10.25,9.125,10.4375,9.4375],"rotation":180,"texture":"#0","tintindex":0}}},{"from":[0.36837387,0.21027851,6.9663873],"to":[2.4444432,3.7897067,8.970867],"rotation":{"angle":45.0,"axis":"z","origin":[5.185774,4.0456734,6.226115]},"faces":{"east":{"uv":[1.3125,11.5625,1.0625,11.9375],"rotation":0,"texture":"#0","tintindex":0},"south":{"uv":[0.8125,11.5625,1.0625,11.9375],"rotation":0,"texture":"#0","tintindex":0},"north":{"uv":[1.0625,11.5625,0.8125,11.9375],"rotation":0,"texture":"#0","tintindex":0},"west":{"uv":[1.0625,11.5625,1.3125,11.9375],"rotation":0,"texture":"#0","tintindex":0},"up":{"uv":[12.0625,5.8125,11.8125,5.5625],"rotation":180,