{"textures":{"0":"modelengine:entity/ergeox"},"elements":[{"from":[9.023872,6.4443564,4.687397],"to":[11.881015,9.301499,11.173112],"rotation":{"angle":45.0,"axis":"z","origin":[8.572874,4.0456734,8.062965]},"faces":{"east":{"uv":[10.9375,3.375,10.25,3.0625],"rotation":0,"texture":"#0","tintindex":0},"south":{"uv":[9.0625,9.5625,9.375,9.875],"rotation":0,"texture":"#0","tintindex":0},"north":{"uv":[9.375,9.5625,9.0625,9.875],"rotation":0,"texture":"#0","tintindex":0},"west":{"uv":[10.9375,3.0625,10.25,3.375],"rotation":0,"texture":"#0","tintindex":0},"up":{"uv":[6.1875,10.9375,5.875,10.25],"rotation":0,"texture":"#0","tintindex":0},"down":{"uv":[5.875,10.25,6.1875,10.9375],"rotation":0,"texture":"#0","tintindex":0}}},{"from":[6.7568836,4.0960307,5.556445],"to":[11.076884,8.096031,10.493588],"rotation":{"angle":0.0,"axis":"y","origin":[8.572874,4.0456734,8.062965]},"faces":{"east":{"uv":[10.5,8.6875,9.9375,9.125],"rotation":0,"texture":"#0","tintindex":0},"south":{"uv":[0.6875,10.25,1.1875,10.6875],"rotation":0,"texture":"#0","tintindex":0},"north":{"uv":[1.1875,10.25,0.6875,10.6875],"rotation":0,"texture":"#0","tintindex":0},"west":{"uv":[9.9375,8.6875,10.5,9.125],"rotation":0,"texture":"#0","tintindex":0},"up":{"uv":[9.3125,1.6875,9.8125,1.125],"rotation":0,"texture":"#0","tintindex":0},"down":{"uv":[9.3125,1.125,9.8125,1.6875],"rotation":0,"texture":"#0","tintindex":0}}},{"from":[4.882598,3.193174,6.173588],"to":[7.396884,8.564603,9.876446],"rotation":{"angle":0.0,"axis":"y","origin":[8.572874,4.0456734,8.062965]},"faces":{"east":{"uv":[10.25,8.0625,10.625,8.625],"rotation":0,"texture":"#0","tintindex":0},"south":{"uv":[2.625,5.875,2.875,6.4375],"rotation":0,"texture":"#0","tintindex":0},"north":{"uv":[2.875,5.875,2.625,6.4375],"rotation":0,"texture":"#0","tintindex":0},"west":{"uv":[10.625,8.0625,10.25,8.625],"rotation":0,"texture":"#0","tintindex":0},"up":{"uv":[11.5625,0.375,11.8125,0.0],"rotation":0,"texture":"#0","tintindex":0},"down":{"uv":[11.5625,0.0,11.8125,0.375],"rotation":0,"texture":"#0","tintindex":0}}},{"from":[3.0540261,6.793174,6.573588],"to":[4.996884,9.878888,9.133588],"rotation":{"angle":0.0,"axis":"y","origin":[8.572874,4.0456734,8.062965]},"faces":{"east":{"uv":[4.75,8.5625,5.0,8.875],"rotation":0,"texture":"#0","tintindex":0},"south":{"uv":[2.875,5.125,3.0625,5.4375],"rotation":0,"texture":"#0","tintindex":0},"north":{"uv":[3.0625,5.125,2.875,5.4375],"rotation":0,"texture":"#0","tintindex":0},"west":{"uv":[5.0,8.5625,4.75,8.875],"rotation":0,"texture":"#0","tintindex":0},"up":{"uv":[6.625,3.75,6.8125,3.5],"rotation":0,"texture":"#0","tintindex":0},"down":{"uv":[6.625,3.5,6.8125,3.75],"rotation":0,"texture":"#0","tintindex":0}}},{"from":[9.796884,4.4503164,6.173588],"to":[12.882599,7.536031,9.876446],"rotation":{"angle":0.0,"axis":"y","origin":[8.572874,4.159959,8.062965]},"faces":{"east":{"uv":[11.25,11.3125,10.875,11.625],"rotation":0,"texture":"#0","tintindex":0},"south":{"uv":[11.4375,10.0,11.75,10.3125],"rotation":0,"texture":"#0","tintindex":0},"north":{"uv":[11.75,10.0,11.4375,10.3125],"rotation":0,"texture":"#0","tintindex":0},"west":{"uv":[10.875,11.3125,11.25,11.625],"rotation":0,"texture":"#0","tintindex":0},"up":{"uv":[11.25,11.6875,11.5625,11.3125],"rotation":0,"texture":"#0","tintindex":0},"down":{"uv":[11.5625,11.3125,11.25,11.6875],"rotation":0,"texture":"#0","tintindex":0}}},{"from":[9.874762,2.4990659,6.7450166],"to":[12.389048,4.441923,9.3050165],"rotation":{"angle":22.5,"axis":"z","origin":[8.572874,4.0456734,8.062965]},"faces":{"east":{"uv":[12.1875,8.375,11.9375,8.5625],"rotation":0,"texture":"#0","tintindex":0},"south":{"uv":[8.8125,11.9375,8.5625,12.125],"rotation":0,"texture":"#0","tintindex":0},"north":{"uv":[8.8125,11.9375,8.5625,12.125],"rotation":0,"texture":"#0","tintindex":0},"west":{"uv":[12.1875,8.375,11.9375,8.5625],"rotation":0,"texture":"#0","tintindex":0},"up":{"uv":[5.0,2.875,5.25,2.625],"rotation":0,"texture":"#0","tintindex":0},"down":{"uv":[5.0,2.625,5.25,2.875],"rotation":0,"texture":"#0","tintindex":0}}},{"from":[6.387783,0.013967037,5.246624],"to":[8.53544,4.3092813,7.3942814],"rotation":{"angle":-22.5,"axis":"z","origin":[8.572874,4.0456734,8.062965]},"faces":{"east":{"uv":[2.625,11.25,2.875,11.75],"rotation":0,"texture":"#0","tintindex":0},"south":{"uv":[6.5625,11.0625,6.8125,11.5625],"rotation":0,"texture":"#0","tintindex":0},"north":{"uv":[6.8125,11.0625,6.5625,11.5625],"rotation":0,"texture":"#0","tintindex":0},"west":{"uv":[2.875,11.25,2.625,11.75],"rotation":0,"texture":"#0","tintindex":0},"up":{"uv":[10.5,11.125,10.75,10.875],"rotation":0,"texture":"#0","tintindex":0},"down":{"uv":[10.5,10.875,10.75,11.125],"rotation":0,"texture":"#0","tintindex":0}}},{"from":[3.563243,3.3607645,4.945134],"to":[4.9950147,4.792536,7.808677],"rotation":{"angle":45.0,"axis":"z","origin":[8.572874,4.0456734,8.062965]},"faces":{"east":{"uv":[8.25,0.5625,7.9375,0.75],"rotation":0,"texture":"#0","tintindex":0},"south":{"uv":[9.6875,5.5625,9.875,5.75],"rotation":0,"texture":"#0","tintindex":0},"north":{"uv":[9.875,5.5625,9.6875,5.75],"rotation":0,"texture":"#0","tintindex":0},"west":{"uv":[8.25,0.5625,7.9375,0.75],"rotation":0,"texture":"#0","tintindex":0},"up":{"uv":[10.25,9.4375,10.4375,9.125],"rotation":0,"texture":"#0","tintindex":0},"down":{"uv":[10.4375,9.125,10.25,9.4375],"rotation":0,"texture":"#0","tintindex":0}}},{"from":[3.7554746,0.21027851,5.3182125],"to":[5.831543,3.7897067,7.322693],"rotation":{"angle":45.0,"axis":"z","origin":[8.572874,4.0456734,8.062965]},"faces":{"east":{"uv":[1.0625,11.5625,1.3125,11.9375],"rotation":0,"texture":"#0","tintindex":0},"south":{"uv":[0.8125,11.5625,1.0625,11.9375],"rotation":0,"texture":"#0","tintindex":0},"north":{"uv":[1.0625,11.5625,0.8125,11.9375],"rotation":0,"texture":"#0","tintindex":0},"west":{"uv":[1.3125,11.5625,1.0625,11.9375],"rotation":0,"texture":"#0","tintindex":0},"up":{"uv":[11.8125,5.8125,12.0625,5.5625],"rotation":0,"texture":"#0","tintindex":0},"down":{"uv":[11.8125,5.5625,12.0625,5.8125],"rotation":0,"texture":"#0","tintindex":0}}},{"from":[10.165946,0.013967037,6.8947988],"to":[12.313603,4.3092813,9.042456],"rotation":{"angle":22.5,"axis":"z","origin":[10.128511,4.0456734,6.226115]},"faces":{"east":{"uv":[2.875,11.25,2.625,11.75],"rotation":0,"texture":"#0","tintindex":0},"south":{"uv":[6.8125,11.0625,6.5625,11.5625],"rotation":0,"texture":"#0","tintindex":0},"north":{"uv":[6.5625,11.0625,6.8125,11.5625],"rotation":0,"texture":"#0","tintindex":0},"west":{"uv":[2.625,11.25,2.875,11.75],"rotation":0,"texture":"#0","tintindex":0},"up":{"uv":[10.5,11.125,10.75,10.875],"rotation":180,"texture":"#0","tintindex":0},"down":{"uv":[10.5,10.875,10.75,11.125],"rotation":180,"texture":"#0","tintindex":0}}},{"from":[13.706371,3.3607645,6.480403],"to":[15.138144,4.792536,9.343946],"rotation":{"angle":-45.0,"axis":"z","origin":[10.128511,4.0456734,6.226115]},"faces":{"east":{"uv":[8.25,0.5625,7.9375,0.75],"rotation":0,"texture":"#0","tintindex":0},"south":{"uv":[9.875,5.5625,9.6875,5.75],"rotation":0,"texture":"#0","tintindex":0},"north":{"uv":[9.6875,5.5625,9.875,5.75],"rotation":0,"texture":"#0","tintindex":0},"west":{"uv":[8.25,0.5625,7.9375,0.75],"rotation":0,"texture":"#0","tintindex":0},"up":{"uv":[10.25,9.4375,10.4375,9.125],"rotation":180,"texture":"#0","tintindex":0},"down":{"uv":[10.4375,9.125,10.25,9.4375],"rotation":180,"texture":"#0","tintindex":0}}},{"from":[12.869843,0.21027851,6.9663873],"to":[14.945911,3.7897067,8.970867],"rotation":{"angle":-45.0,"axis":"z","origin":[10.128511,4.0456734,6.226115]},"faces":{"east":{"uv":[1.3125,11.5625,1.0625,11.9375],"rotation":0,"texture":"#0","tintindex":0},"south":{"uv":[1.0625,11.5625,0.8125,11.9375],"rotation":0,"texture":"#0","tintindex":0},"north":{"uv":[0.8125,11.5625,1.0625,11.9375],"rotation":0,"texture":"#0","tintindex":0},"west":{"uv":[1.0625,11.5625,1.3125,11.9375],"rotation":0,"texture":"#0","tintindex":0},"up":{"uv":[11.8125,5.8125,12.0625,5.5625],"rotation":180,"texture":"#0",