{"textures":{"0":"modelengine:entity/ergeox"},"elements":[{"from":[6.3793197,7.714896,5.025222],"to":[10.067366,9.99284,8.713267],"rotation":{"angle":-45.0,"axis":"y","origin":[7.985182,11.336066,6.6822734]},"faces":{"east":{"uv":[10.8125,11.625,11.1875,11.875],"rotation":0,"texture":"#0","tintindex":0},"south":{"uv":[11.1875,11.625,10.8125,11.875],"rotation":0,"texture":"#0","tintindex":0},"north":{"uv":[11.5625,4.375,11.9375,4.625],"rotation":0,"texture":"#0","tintindex":0},"west":{"uv":[10.8125,11.625,11.1875,11.875],"rotation":0,"texture":"#0","tintindex":0},"up":{"uv":[4.0,11.4375,3.625,11.0625],"rotation":0,"texture":"#0","tintindex":0},"down":{"uv":[4.0,11.0625,3.625,11.4375],"rotation":0,"texture":"#0","tintindex":0}}},{"from":[5.413536,7.6577535,6.9828877],"to":[10.619754,13.937754,11.596648],"rotation":{"angle":0.0,"axis":"y","origin":[7.985182,11.336066,6.6822734]},"faces":{"east":{"uv":[9.125,6.0,8.625,6.6875],"rotation":0,"texture":"#0","tintindex":0},"south":{"uv":[7.25,8.4375,7.8125,9.125],"rotation":0,"texture":"#0","tintindex":0},"north":{"uv":[7.8125,8.4375,7.25,9.125],"rotation":0,"texture":"#0","tintindex":0},"west":{"uv":[8.625,6.0,9.125,6.6875],"rotation":0,"texture":"#0","tintindex":0},"up":{"uv":[8.375,9.8125,7.8125,9.3125],"rotation":0,"texture":"#0","tintindex":0},"down":{"uv":[8.375,9.3125,7.8125,9.8125],"rotation":0,"texture":"#0","tintindex":0}}},{"from":[8.2238245,10.259552,7.5543165],"to":[11.144327,14.768124,11.025219],"rotation":{"angle":-22.5,"axis":"z","origin":[7.985182,11.336066,6.6822734]},"faces":{"east":{"uv":[1.0625,10.6875,1.4375,11.1875],"rotation":0,"texture":"#0","tintindex":0},"south":{"uv":[5.875,7.0625,5.5625,7.5625],"rotation":0,"texture":"#0","tintindex":0},"north":{"uv":[5.5625,7.0625,5.875,7.5625],"rotation":0,"texture":"#0","tintindex":0},"west":{"uv":[1.0625,10.6875,1.4375,11.1875],"rotation":0,"texture":"#0","tintindex":0},"up":{"uv":[1.9375,11.75,1.625,11.375],"rotation":0,"texture":"#0","tintindex":0},"down":{"uv":[1.9375,11.375,1.625,11.75],"rotation":0,"texture":"#0","tintindex":0}}},{"from":[4.826036,10.259552,7.5543165],"to":[7.746539,14.768124,11.025219],"rotation":{"angle":22.5,"axis":"z","origin":[7.985182,11.336066,6.6822734]},"faces":{"east":{"uv":[1.0625,10.6875,1.4375,11.1875],"rotation":0,"texture":"#0","tintindex":0},"south":{"uv":[5.5625,7.0625,5.875,7.5625],"rotation":0,"texture":"#0","tintindex":0},"north":{"uv":[5.875,7.0625,5.5625,7.5625],"rotation":0,"texture":"#0","tintindex":0},"west":{"uv":[1.4375,10.6875,1.0625,11.1875],"rotation":0,"texture":"#0","tintindex":0},"up":{"uv":[1.625,11.75,1.9375,11.375],"rotation":0,"texture":"#0","tintindex":0},"down":{"uv":[1.625,11.375,1.9375,11.75],"rotation":0,"texture":"#0","tintindex":0}}},{"from":[6.009034,7.6449537,4.6549363],"to":[8.580462,9.930668,7.226365],"rotation":{"angle":-45.0,"axis":"y","origin":[7.985182,11.336066,6.6822734]},"faces":{"east":{"uv":[11.9375,4.25,12.25,4.5],"rotation":0,"texture":"#0","tintindex":0},"south":{"uv":[12.25,4.25,11.9375,4.5],"rotation":0,"texture":"#0","tintindex":0},"north":{"uv":[3.625,11.9375,3.9375,12.21875],"rotation":0,"texture":"#0","tintindex":0},"west":{"uv":[6.75,11.9375,7.0625,12.21875],"rotation":0,"texture":"#0","tintindex":0},"up":{"uv":[11.8125,5.25,11.5,4.9375],"rotation":0,"texture":"#0","tintindex":0},"down":{"uv":[11.8125,4.9375,11.5,5.25],"rotation":0,"texture":"#0","tintindex":0}}},{"from":[6.009034,9.936611,4.6549363],"to":[10.067366,13.935698,8.713267],"rotation":{"angle":-45.0,"axis":"y","origin":[7.985182,11.336066,6.6822734]},"faces":{"east":{"uv":[10.375,1.4375,10.8125,1.875],"rotation":0,"texture":"#0","tintindex":0},"south":{"uv":[10.375,1.4375,10.8125,1.875],"rotation":0,"texture":"#0","tintindex":0},"north":{"uv":[10.3125,0.0,10.75,0.4375],"rotation":0,"texture":"#0","tintindex":0},"west":{"uv":[10.375,5.5625,10.8125,6.0],"rotation":0,"texture":"#0","tintindex":0},"up":{"uv":[9.875,10.8125,9.4375,10.375],"rotation":0,"texture":"#0","tintindex":0},"down":{"uv":[9.875,10.375,9.4375,10.8125],"rotation":0,"texture":"#0","tintindex":0}}},{"from":[6.8152695,14.533655,6.027304],"to":[11.386698,17.390797,6.1415896],"rotation":{"angle":-45.0,"axis":"z","origin":[7.985182,11.336066,6.6822734]},"faces":{"east":{"uv":[3.0625,4.0,3.125,4.3125],"rotation":0,"texture":"#0","tintindex":0},"south":{"uv":[11.375,2.375,10.875,2.6875],"rotation":0,"texture":"#0","tintindex":0},"north":{"uv":[10.875,2.375,11.375,2.6875],"rotation":0,"texture":"#0","tintindex":0},"west":{"uv":[5.25,3.1875,5.3125,3.5],"rotation":0,"texture":"#0","tintindex":0},"up":{"uv":[5.3125,5.375,4.8125,5.3125],"rotation":0,"texture":"#0","tintindex":0},"down":{"uv":[12.5,0.5625,12.0,0.625],"rotation":0,"texture":"#0","tintindex":0}}},{"from":[7.4408083,12.24794,4.913018],"to":[9.726522,15.676512,7.198733],"rotation":{"angle":45.0,"axis":"z","origin":[7.985182,11.336066,6.6822734]},"faces":{"east":{"uv":[3.375,11.625,3.625,12.0],"rotation":0,"texture":"#0","tintindex":0},"south":{"uv":[1.3125,11.625,1.5625,12.0],"rotation":0,"texture":"#0","tintindex":0},"north":{"uv":[1.5625,11.625,1.3125,12.0],"rotation":0,"texture":"#0","tintindex":0},"west":{"uv":[3.625,11.625,3.375,12.0],"rotation":0,"texture":"#0","tintindex":0},"up":{"uv":[10.1875,12.0625,10.4375,11.8125],"rotation":0,"texture":"#0","tintindex":0},"down":{"uv":[10.1875,11.8125,10.4375,12.0625],"rotation":0,"texture":"#0","tintindex":0}}},{"from":[6.2438407,12.24794,4.913018],"to":[8.529555,15.676512,7.198733],"rotation":{"angle":-45.0,"axis":"z","origin":[7.985182,11.336066,6.6822734]},"faces":{"east":{"uv":[3.375,11.625,3.625,12.0],"rotation":0,"texture":"#0","tintindex":0},"south":{"uv":[1.5625,11.625,1.3125,12.0],"rotation":0,"texture":"#0","tintindex":0},"north":{"uv":[1.3125,11.625,1.5625,12.0],"rotation":0,"texture":"#0","tintindex":0},"west":{"uv":[3.625,11.625,3.375,12.0],"rotation":0,"texture":"#0","tintindex":0},"up":{"uv":[10.4375,12.0625,10.1875,11.8125],"rotation":0,"texture":"#0","tintindex":0},"down":{"uv":[10.4375,11.8125,10.1875,12.0625],"rotation":0,"texture":"#0","tintindex":0}}},{"from":[4.5836654,14.533655,6.027304],"to":[9.155094,17.390797,6.1415896],"rotation":{"angle":45.0,"axis":"z","origin":[7.985182,11.336066,6.6822734]},"faces":{"east":{"uv":[5.3125,3.1875,5.25,3.5],"rotation":0,"texture":"#0","tintindex":0},"south":{"uv":[10.875,2.375,11.375,2.6875],"rotation":0,"texture":"#0","tintindex":0},"north":{"uv":[11.375,2.375,10.875,2.6875],"rotation":0,"texture":"#0","tintindex":0},"west":{"uv":[3.125,4.0,3.0625,4.3125],"rotation":0,"texture":"#0","tintindex":0},"up":{"uv":[4.8125,5.375,5.3125,5.3125],"rotation":0,"texture":"#0","tintindex":0},"down":{"uv":[12.0,0.5625,12.5,0.625],"rotation":0,"texture":"#0","tintindex":0}}},{"from":[7.413753,9.710844,3.331922],"to":[8.55661,14.282273,4.931922],"rotation":{"angle":0.0,"axis":"y","origin":[7.985182,11.336066,6.6822734]},"faces":{"east":{"uv":[11.875,2.8125,11.6875,3.3125],"rotation":0,"texture":"#0","tintindex":0},"south":{"uv":[0.5,7.375,0.375,7.875],"rotation":0,"texture":"#0","tintindex":0},"north":{"uv":[0.375,7.375,0.5,7.875],"rotation":0,"texture":"#0","tintindex":0},"west":{"uv":[11.6875,2.8125,11.875,3.3125],"rotation":0,"texture":"#0","tintindex":0},"up":{"uv":[6.125,0.75,6.0,0.5625],"rotation":0,"texture":"#0","tintindex":0},"down":{"uv":[6.125,0.5625,6.0,0.75],"rotation":0,"texture":"#0","tintindex":0}}},{"from":[8.222571,11.55028,3.133685],"to":[10.508286,13.835994,11.533686],"rotation":{"angle":45.0,"axis":"z","origin":[7.985182,11.336066,6.6822734]},"faces":{"east":{"uv":[9.8125,6.0625,10.75,6.3125],"rotation":0,"texture":"#0","tintindex":0},"south":{"uv":[12.0625,11.5,11.8125,11.75],"rotation":0,"texture":"#0","tintindex":0},"north":{"uv":[11.8125,11.25,12.0625,11.5],"rotation":0,"texture":"#0","tintindex":0},"west":{"uv":[9.8125,6.0625,10.75,6.3125],"rotation":0,"texture":"#0","tintindex":0},"up":{"uv":[7.0625,10.6875,6.8125,9.75],"rotation":0,"texture":"#0",