{"textures":{"0":"modelengine:entity/ergeox"},"elements":[{"from":[4.0,4.295867,6.865409],"to":[5.714286,7.724438,10.293981],"rotation":{"angle":-45.0,"axis":"x","origin":[6.428571,5.375345,8.077592]},"faces":{"east":{"uv":[11.0625,6.5,11.4375,6.875],"rotation":0,"texture":"#0","tintindex":0},"south":{"uv":[5.0,11.8125,4.8125,12.1875],"rotation":0,"texture":"#0","tintindex":0},"north":{"uv":[12.0,3.6875,11.8125,4.0625],"rotation":0,"texture":"#0","tintindex":0},"west":{"uv":[11.4375,6.5,11.0625,6.875],"rotation":0,"texture":"#0","tintindex":0},"up":{"uv":[4.8125,12.1875,5.0,11.8125],"rotation":0,"texture":"#0","tintindex":0},"down":{"uv":[11.8125,3.6875,12.0,4.0625],"rotation":0,"texture":"#0","tintindex":0}}},{"from":[5.142857,0.0,5.142857],"to":[10.857143,9.142858,10.857143],"rotation":{"angle":0.0,"axis":"y","origin":[6.428571,5.375345,7.9061637]},"faces":{"east":{"uv":[6.125,0.0,6.75,1.0],"rotation":0,"texture":"#0","tintindex":0},"south":{"uv":[4.5625,6.125,3.9375,7.125],"rotation":0,"texture":"#0","tintindex":0},"north":{"uv":[3.9375,6.125,4.5625,7.125],"rotation":0,"texture":"#0","tintindex":0},"west":{"uv":[6.75,0.0,6.125,1.0],"rotation":0,"texture":"#0","tintindex":0},"up":{"uv":[8.25,8.4375,8.875,7.8125],"rotation":0,"texture":"#0","tintindex":0},"down":{"uv":[8.25,7.8125,8.875,8.4375],"rotation":0,"texture":"#0","tintindex":0}}}],"display":{"head":{"translation":[0.0,-6.4,0.0],"scale":[4.0,4.0,4.0]}}}