{"textures":{"0":"modelengine:entity/ergeox"},"elements":[{"from":[2.742857,-0.57142925,7.9428573],"to":[13.028572,8.0,8.0],"rotation":{"angle":0.0,"axis":"y","origin":[7.3142858,3.7142854,7.9714284]},"faces":{"east":{"uv":[5.8125,11.6875,5.875,12.625],"rotation":0,"texture":"#0","tintindex":0},"south":{"uv":[3.125,1.8125,4.25,2.75],"rotation":0,"texture":"#0","tintindex":0},"north":{"uv":[4.25,1.8125,3.125,2.75],"rotation":0,"texture":"#0","tintindex":0},"west":{"uv":[11.4375,11.6875,11.5,12.625],"rotation":0,"texture":"#0","tintindex":0},"up":{"uv":[12.6875,7.625,11.5625,7.5625],"rotation":0,"texture":"#0","tintindex":0},"down":{"uv":[12.75,9.625,11.625,9.6875],"rotation":0,"texture":"#0","tintindex":0}}}],"display":{"head":{"translation":[0.0,-6.4,0.0],"scale":[4.0,4.0,4.0]}}}