{"textures":{"0":"modelengine:entity/ergeox"},"elements":[{"from":[4.6203957,9.065929,-1.5187187],"to":[10.756395,15.1345005,2.5269961],"rotation":{"angle":-45.0,"axis":"x","origin":[7.6883955,11.611358,0.5325136]},"faces":{"east":{"uv":[5.8125,9.0625,5.375,9.75],"rotation":0,"texture":"#0","tintindex":0},"south":{"uv":[7.1875,1.625,7.875,2.3125],"rotation":0,"texture":"#0","tintindex":0},"north":{"uv":[7.1875,1.625,7.875,2.3125],"rotation":0,"texture":"#0","tintindex":0},"west":{"uv":[5.375,9.0625,5.8125,9.75],"rotation":0,"texture":"#0","tintindex":0},"up":{"uv":[9.8125,6.4375,9.125,6.0],"rotation":0,"texture":"#0","tintindex":0},"down":{"uv":[9.8125,6.0,9.125,6.4375],"rotation":0,"texture":"#0","tintindex":0}}},{"from":[5.2592525,7.997387,-2.4996538],"to":[10.117538,14.168816,3.5689182],"rotation":{"angle":-22.5,"axis":"x","origin":[7.6883955,11.611358,0.5325136]},"faces":{"east":{"uv":[8.0,3.0,7.3125,3.6875],"rotation":0,"texture":"#0","tintindex":0},"south":{"uv":[8.9375,3.6875,8.375,4.375],"rotation":0,"texture":"#0","tintindex":0},"north":{"uv":[8.375,3.6875,8.9375,4.375],"rotation":0,"texture":"#0","tintindex":0},"west":{"uv":[7.3125,3.0,8.0,3.6875],"rotation":0,"texture":"#0","tintindex":0},"up":{"uv":[9.0,5.75,8.4375,5.0625],"rotation":0,"texture":"#0","tintindex":0},"down":{"uv":[9.0,5.0625,8.4375,5.75],"rotation":0,"texture":"#0","tintindex":0}}},{"from":[0.8021097,7.791826,-0.571249],"to":[14.573539,15.791826,10.285894],"rotation":{"angle":0.0,"axis":"y","origin":[7.7163954,10.3568325,4.0492005]},"faces":{"east":{"uv":[2.3125,4.0,1.125,4.875],"rotation":0,"texture":"#0","tintindex":0},"south":{"uv":[0.0,2.6875,1.5,3.5625],"rotation":0,"texture":"#0","tintindex":0},"north":{"uv":[2.625,0.0,4.125,0.875],"rotation":0,"texture":"#0","tintindex":0},"west":{"uv":[1.125,4.0,2.3125,4.875],"rotation":0,"texture":"#0","tintindex":0},"up":{"uv":[1.5,2.6875,0.0,1.5],"rotation":0,"texture":"#0","tintindex":0},"down":{"uv":[1.5,1.5,0.0,2.6875],"rotation":0,"texture":"#0","tintindex":0}}},{"from":[8.788141,8.292683,-1.1426773],"to":[16.273857,13.435541,10.857323],"rotation":{"angle":22.5,"axis":"z","origin":[7.8306813,10.3568325,4.0492005]},"faces":{"east":{"uv":[5.25,2.625,6.5625,3.1875],"rotation":0,"texture":"#0","tintindex":0},"south":{"uv":[6.125,7.5625,6.9375,8.125],"rotation":0,"texture":"#0","tintindex":0},"north":{"uv":[7.4375,0.0,8.25,0.5625],"rotation":0,"texture":"#0","tintindex":0},"west":{"uv":[6.5625,2.625,5.25,3.1875],"rotation":0,"texture":"#0","tintindex":0},"up":{"uv":[2.3125,4.0,1.5,2.6875],"rotation":0,"texture":"#0","tintindex":0},"down":{"uv":[2.3125,2.6875,1.5,4.0],"rotation":0,"texture":"#0","tintindex":0}}},{"from":[-0.89820766,8.292683,-1.1426773],"to":[6.5875072,13.435541,10.857323],"rotation":{"angle":-22.5,"axis":"z","origin":[7.544967,10.3568325,4.0492005]},"faces":{"east":{"uv":[5.25,2.625,6.5625,3.1875],"rotation":0,"texture":"#0","tintindex":0},"south":{"uv":[6.9375,7.5625,6.125,8.125],"rotation":0,"texture":"#0","tintindex":0},"north":{"uv":[8.25,0.0,7.4375,0.5625],"rotation":0,"texture":"#0","tintindex":0},"west":{"uv":[6.5625,2.625,5.25,3.1875],"rotation":0,"texture":"#0","tintindex":0},"up":{"uv":[1.5,4.0,2.3125,2.6875],"rotation":0,"texture":"#0","tintindex":0},"down":{"uv":[1.5,2.6875,2.3125,4.0],"rotation":0,"texture":"#0","tintindex":0}}},{"from":[-0.34074783,7.3249683,-0.1255207],"to":[3.6592526,11.324968,3.8744793],"rotation":{"angle":-45.0,"axis":"x","origin":[8.059253,10.3568325,4.0492005]},"faces":{"east":{"uv":[10.4375,9.5625,10.875,10.0],"rotation":0,"texture":"#0","tintindex":0},"south":{"uv":[10.3125,10.4375,9.875,10.875],"rotation":0,"texture":"#0","tintindex":0},"north":{"uv":[10.3125,10.4375,9.875,10.875],"rotation":0,"texture":"#0","tintindex":0},"west":{"uv":[10.875,9.5625,10.4375,10.0],"rotation":0,"texture":"#0","tintindex":0},"up":{"uv":[10.5,4.75,10.9375,4.3125],"rotation":0,"texture":"#0","tintindex":0},"down":{"uv":[10.5,4.3125,10.9375,4.75],"rotation":0,"texture":"#0","tintindex":0}}},{"from":[11.716395,7.3249683,-0.1255207],"to":[15.716396,11.324968,3.8744793],"rotation":{"angle":-45.0,"axis":"x","origin":[8.059253,10.3568325,4.0492005]},"faces":{"east":{"uv":[10.4375,9.5625,10.875,10.0],"rotation":0,"texture":"#0","tintindex":0},"south":{"uv":[9.875,10.4375,10.3125,10.875],"rotation":0,"texture":"#0","tintindex":0},"north":{"uv":[9.875,10.4375,10.3125,10.875],"rotation":0,"texture":"#0","tintindex":0},"west":{"uv":[10.875,9.5625,10.4375,10.0],"rotation":0,"texture":"#0","tintindex":0},"up":{"uv":[10.9375,4.75,10.5,4.3125],"rotation":0,"texture":"#0","tintindex":0},"down":{"uv":[10.9375,4.3125,10.5,4.75],"rotation":0,"texture":"#0","tintindex":0}}},{"from":[10.173538,10.291944,4.512702],"to":[13.60211,17.720516,12.512703],"rotation":{"angle":0.0,"axis":"y","origin":[11.887824,14.006229,8.512702]},"faces":{"east":{"uv":[0.0,5.3125,0.875,6.125],"rotation":0,"texture":"#0","tintindex":0},"south":{"uv":[4.125,8.875,3.75,9.6875],"rotation":0,"texture":"#0","tintindex":0},"north":{"uv":[3.75,8.875,4.125,9.6875],"rotation":0,"texture":"#0","tintindex":0},"west":{"uv":[0.875,5.3125,0.0,6.125],"rotation":0,"texture":"#0","tintindex":0},"up":{"uv":[0.875,9.625,0.5,8.75],"rotation":0,"texture":"#0","tintindex":0},"down":{"uv":[0.875,8.75,0.5,9.625],"rotation":0,"texture":"#0","tintindex":0}}},{"from":[10.230681,14.73896,6.766727],"to":[13.544968,20.453247,12.481012],"rotation":{"angle":45.0,"axis":"x","origin":[7.887824,15.571035,9.811773]},"faces":{"east":{"uv":[3.0,8.25,3.625,8.875],"rotation":0,"texture":"#0","tintindex":0},"south":{"uv":[3.0,0.875,2.625,1.5],"rotation":0,"texture":"#0","tintindex":0},"north":{"uv":[2.625,0.875,3.0,1.5],"rotation":0,"texture":"#0","tintindex":0},"west":{"uv":[3.625,8.25,3.0,8.875],"rotation":0,"texture":"#0","tintindex":0},"up":{"uv":[7.6875,10.6875,7.3125,10.0625],"rotation":0,"texture":"#0","tintindex":0},"down":{"uv":[7.6875,10.0625,7.3125,10.6875],"rotation":0,"texture":"#0","tintindex":0}}},{"from":[1.7735381,10.291944,4.512702],"to":[5.20211,17.720516,12.512703],"rotation":{"angle":0.0,"axis":"y","origin":[3.487824,14.006229,8.512702]},"faces":{"east":{"uv":[0.0,5.3125,0.875,6.125],"rotation":0,"texture":"#0","tintindex":0},"south":{"uv":[3.75,8.875,4.125,9.6875],"rotation":0,"texture":"#0","tintindex":0},"north":{"uv":[4.125,8.875,3.75,9.6875],"rotation":0,"texture":"#0","tintindex":0},"west":{"uv":[0.875,5.3125,0.0,6.125],"rotation":0,"texture":"#0","tintindex":0},"up":{"uv":[0.5,9.625,0.875,8.75],"rotation":0,"texture":"#0","tintindex":0},"down":{"uv":[0.5,8.75,0.875,9.625],"rotation":0,"texture":"#0","tintindex":0}}},{"from":[1.8306813,14.73896,6.766727],"to":[5.144967,20.453247,12.481012],"rotation":{"angle":45.0,"axis":"x","origin":[7.487824,15.571035,9.811773]},"faces":{"east":{"uv":[3.0,8.25,3.625,8.875],"rotation":0,"texture":"#0","tintindex":0},"south":{"uv":[2.625,0.875,3.0,1.5],"rotation":0,"texture":"#0","tintindex":0},"north":{"uv":[3.0,0.875,2.625,1.5],"rotation":0,"texture":"#0","tintindex":0},"west":{"uv":[3.625,8.25,3.0,8.875],"rotation":0,"texture":"#0","tintindex":0},"up":{"uv":[7.3125,10.6875,7.6875,10.0625],"rotation":0,"texture":"#0","tintindex":0},"down":{"uv":[7.3125,10.0625,7.6875,10.6875],"rotation":0,"texture":"#0","tintindex":0}}}],"display":{"head":{"translation":[0.0,-6.4,0.0],"scale":[4.0,4.0,4.0]}}}