{"textures":{"0":"modelengine:entity/ergeox"},"elements":[{"from":[6.21649,2.303424,1.9999995],"to":[9.6450615,8.589139,4.8571424],"rotation":{"angle":0.0,"axis":"y","origin":[9.836817,3.2442503,5.6450105]},"faces":{"east":{"uv":[8.625,10.1875,8.3125,10.875],"rotation":0,"texture":"#0","tintindex":0},"south":{"uv":[4.3125,4.5625,3.9375,5.25],"rotation":0,"texture":"#0","tintindex":0},"north":{"uv":[3.9375,4.5625,4.3125,5.25],"rotation":0,"texture":"#0","tintindex":0},"west":{"uv":[8.3125,10.1875,8.625,10.875],"rotation":0,"texture":"#0","tintindex":0},"up":{"uv":[9.25,1.4375,8.875,1.125],"rotation":0,"texture":"#0","tintindex":0},"down":{"uv":[9.25,1.125,8.875,1.4375],"rotation":0,"texture":"#0","tintindex":0}}},{"from":[6.21649,2.303424,6.0],"to":[9.6450615,8.589139,8.857143],"rotation":{"angle":0.0,"axis":"y","origin":[9.836817,3.2442503,9.645011]},"faces":{"east":{"uv":[8.625,10.1875,8.3125,10.875],"rotation":0,"texture":"#0","tintindex":0},"south":{"uv":[4.3125,4.5625,3.9375,5.25],"rotation":0,"texture":"#0","tintindex":0},"north":{"uv":[3.9375,4.5625,4.3125,5.25],"rotation":0,"texture":"#0","tintindex":0},"west":{"uv":[8.3125,10.1875,8.625,10.875],"rotation":0,"texture":"#0","tintindex":0},"up":{"uv":[9.25,1.4375,8.875,1.125],"rotation":0,"texture":"#0","tintindex":0},"down":{"uv":[9.25,1.125,8.875,1.4375],"rotation":0,"texture":"#0","tintindex":0}}},{"from":[5.428571,3.144431,8.679709],"to":[10.571428,6.573003,12.108281],"rotation":{"angle":-45.0,"axis":"x","origin":[9.836817,3.2442503,5.6450105]},"faces":{"east":{"uv":[10.875,9.4375,11.25,9.8125],"rotation":0,"texture":"#0","tintindex":0},"south":{"uv":[12.25,0.9375,12.8125,1.3125],"rotation":0,"texture":"#0","tintindex":0},"north":{"uv":[12.8125,0.9375,12.25,1.3125],"rotation":0,"texture":"#0","tintindex":0},"west":{"uv":[11.25,9.4375,10.875,9.8125],"rotation":0,"texture":"#0","tintindex":0},"up":{"uv":[12.8125,0.9375,12.25,0.5625],"rotation":0,"texture":"#0","tintindex":0},"down":{"uv":[12.8125,0.5625,12.25,0.9375],"rotation":0,"texture":"#0","tintindex":0}}},{"from":[10.8,-3.2553892,3.5879183],"to":[13.714286,0.74461126,7.1307755],"rotation":{"angle":0.0,"axis":"y","origin":[9.836817,3.2442503,5.6450105]},"faces":{"east":{"uv":[1.125,3.5625,1.5,4.0],"rotation":0,"texture":"#0","tintindex":0},"south":{"uv":[0.3125,10.9375,0.0,11.375],"rotation":0,"texture":"#0","tintindex":0},"north":{"uv":[0.0,10.9375,0.3125,11.375],"rotation":0,"texture":"#0","tintindex":0},"west":{"uv":[1.5,3.5625,1.125,4.0],"rotation":0,"texture":"#0","tintindex":0},"up":{"uv":[10.8125,5.5625,10.5,5.1875],"rotation":0,"texture":"#0","tintindex":0},"down":{"uv":[10.8125,5.1875,10.5,5.5625],"rotation":0,"texture":"#0","tintindex":0}}},{"from":[5.6450615,-3.410862,3.142857],"to":[10.787919,4.0177097,7.714286],"rotation":{"angle":0.0,"axis":"y","origin":[9.836817,3.2442503,5.6450105]},"faces":{"east":{"uv":[8.4375,5.1875,7.9375,6.0],"rotation":0,"texture":"#0","tintindex":0},"south":{"uv":[6.125,7.5625,5.5625,8.375],"rotation":0,"texture":"#0","tintindex":0},"north":{"uv":[5.5625,7.5625,6.125,8.375],"rotation":0,"texture":"#0","tintindex":0},"west":{"uv":[7.9375,5.1875,8.4375,6.0],"rotation":0,"texture":"#0","tintindex":0},"up":{"uv":[9.8125,2.75,9.25,2.25],"rotation":0,"texture":"#0","tintindex":0},"down":{"uv":[9.8125,2.25,9.25,2.75],"rotation":0,"texture":"#0","tintindex":0}}}],"display":{"head":{"translation":[0.0,-6.4,0.0],"scale":[4.0,4.0,4.0]}}}