{"textures":{"0":"modelengine:entity/ergeox"},"elements":[{"from":[6.285714,-2.0694675,8.971232],"to":[9.714286,7.644819,12.685518],"rotation":{"angle":0.0,"axis":"y","origin":[8.0,5.4351635,9.987701]},"faces":{"east":{"uv":[4.5625,7.5,5.0,8.5625],"rotation":0,"texture":"#0","tintindex":0},"south":{"uv":[3.625,7.125,3.25,8.1875],"rotation":0,"texture":"#0","tintindex":0},"north":{"uv":[3.25,7.125,3.625,8.1875],"rotation":0,"texture":"#0","tintindex":0},"west":{"uv":[5.0,7.5,4.5625,8.5625],"rotation":0,"texture":"#0","tintindex":0},"up":{"uv":[11.1875,7.5625,10.8125,7.125],"rotation":0,"texture":"#0","tintindex":0},"down":{"uv":[11.1875,7.125,10.8125,7.5625],"rotation":0,"texture":"#0","tintindex":0}}},{"from":[6.142857,-2.2443209,5.883215],"to":[9.857143,7.898537,9.883215],"rotation":{"angle":-22.5,"axis":"x","origin":[8.0,5.4351635,9.987701]},"faces":{"east":{"uv":[3.6875,7.125,4.125,8.25],"rotation":0,"texture":"#0","tintindex":0},"south":{"uv":[3.6875,7.125,3.25,8.25],"rotation":0,"texture":"#0","tintindex":0},"north":{"uv":[3.25,7.125,3.6875,8.25],"rotation":0,"texture":"#0","tintindex":0},"west":{"uv":[4.125,7.125,3.6875,8.25],"rotation":0,"texture":"#0","tintindex":0},"up":{"uv":[11.0625,7.125,10.625,6.6875],"rotation":0,"texture":"#0","tintindex":0},"down":{"uv":[11.0625,6.6875,10.625,7.125],"rotation":0,"texture":"#0","tintindex":0}}},{"from":[9.085714,-1.5501995,11.594595],"to":[10.914286,7.0212297,14.451738],"rotation":{"angle":-45.0,"axis":"x","origin":[8.0,5.4351635,9.987701]},"faces":{"east":{"uv":[7.1875,9.125,7.5,10.0625],"rotation":0,"texture":"#0","tintindex":0},"south":{"uv":[1.4375,10.6875,1.625,11.625],"rotation":0,"texture":"#0","tintindex":0},"north":{"uv":[1.4375,10.6875,1.625,11.625],"rotation":0,"texture":"#0","tintindex":0},"west":{"uv":[7.5,9.125,7.1875,10.0625],"rotation":0,"texture":"#0","tintindex":0},"up":{"uv":[7.4375,12.25,7.25,11.9375],"rotation":0,"texture":"#0","tintindex":0},"down":{"uv":[7.4375,11.9375,7.25,12.25],"rotation":0,"texture":"#0","tintindex":0}}},{"from":[5.0857143,-1.5501995,11.594595],"to":[6.9142857,7.0212297,14.451738],"rotation":{"angle":-45.0,"axis":"x","origin":[4.0,5.4351635,9.987701]},"faces":{"east":{"uv":[7.1875,9.125,7.5,10.0625],"rotation":0,"texture":"#0","tintindex":0},"south":{"uv":[1.4375,10.6875,1.625,11.625],"rotation":0,"texture":"#0","tintindex":0},"north":{"uv":[1.4375,10.6875,1.625,11.625],"rotation":0,"texture":"#0","tintindex":0},"west":{"uv":[7.5,9.125,7.1875,10.0625],"rotation":0,"texture":"#0","tintindex":0},"up":{"uv":[7.4375,12.25,7.25,11.9375],"rotation":0,"texture":"#0","tintindex":0},"down":{"uv":[7.4375,11.9375,7.25,12.25],"rotation":0,"texture":"#0","tintindex":0}}},{"from":[9.142858,3.2694378,8.574376],"to":[10.8,8.412295,11.4315195],"rotation":{"angle":-22.5,"axis":"x","origin":[8.0,5.4351635,9.987701]},"faces":{"east":{"uv":[4.5625,10.8125,4.875,11.375],"rotation":0,"texture":"#0","tintindex":0},"south":{"uv":[0.6875,9.625,0.875,10.1875],"rotation":0,"texture":"#0","tintindex":0},"north":{"uv":[0.6875,9.625,0.875,10.1875],"rotation":0,"texture":"#0","tintindex":0},"west":{"uv":[4.875,10.8125,4.5625,11.375],"rotation":0,"texture":"#0","tintindex":0},"up":{"uv":[8.1875,12.25,8.0,11.9375],"rotation":0,"texture":"#0","tintindex":0},"down":{"uv":[8.1875,11.9375,8.0,12.25],"rotation":0,"texture":"#0","tintindex":0}}},{"from":[5.2,3.2694378,8.574376],"to":[6.857143,8.412295,11.4315195],"rotation":{"angle":-22.5,"axis":"x","origin":[4.0571427,5.4351635,9.987701]},"faces":{"east":{"uv":[4.5625,10.8125,4.875,11.375],"rotation":0,"texture":"#0","tintindex":0},"south":{"uv":[0.6875,9.625,0.875,10.1875],"rotation":0,"texture":"#0","tintindex":0},"north":{"uv":[0.6875,9.625,0.875,10.1875],"rotation":0,"texture":"#0","tintindex":0},"west":{"uv":[4.875,10.8125,4.5625,11.375],"rotation":0,"texture":"#0","tintindex":0},"up":{"uv":[8.1875,12.25,8.0,11.9375],"rotation":0,"texture":"#0","tintindex":0},"down":{"uv":[8.1875,11.9375,8.0,12.25],"rotation":0,"texture":"#0","tintindex":0}}},{"from":[6.428571,3.061738,4.9143467],"to":[9.571428,7.061738,8.342918],"rotation":{"angle":22.5,"axis":"x","origin":[8.0,5.4351635,9.987701]},"faces":{"east":{"uv":[9.0,10.8125,9.375,11.25],"rotation":0,"texture":"#0","tintindex":0},"south":{"uv":[9.0,10.8125,8.625,11.25],"rotation":0,"texture":"#0","tintindex":0},"north":{"uv":[8.625,10.8125,9.0,11.25],"rotation":0,"texture":"#0","tintindex":0},"west":{"uv":[9.375,10.8125,9.0,11.25],"rotation":0,"texture":"#0","tintindex":0},"up":{"uv":[11.4375,10.5625,11.0625,10.1875],"rotation":0,"texture":"#0","tintindex":0},"down":{"uv":[11.4375,10.1875,11.0625,10.5625],"rotation":0,"texture":"#0","tintindex":0}}},{"from":[4.5714283,6.665615,8.707117],"to":[11.428572,10.094187,12.135689],"rotation":{"angle":-45.0,"axis":"x","origin":[8.0,5.4351635,9.987701]},"faces":{"east":{"uv":[11.0625,6.5,11.4375,6.875],"rotation":0,"texture":"#0","tintindex":0},"south":{"uv":[9.0,7.125,9.75,7.5],"rotation":0,"texture":"#0","tintindex":0},"north":{"uv":[9.0,7.125,9.75,7.5],"rotation":0,"texture":"#0","tintindex":0},"west":{"uv":[11.4375,6.5,11.0625,6.875],"rotation":0,"texture":"#0","tintindex":0},"up":{"uv":[10.125,4.0625,9.375,3.6875],"rotation":0,"texture":"#0","tintindex":0},"down":{"uv":[10.125,3.6875,9.375,4.0625],"rotation":0,"texture":"#0","tintindex":0}}},{"from":[6.5714283,3.6980138,3.4183092],"to":[9.428572,5.983728,6.275452],"rotation":{"angle":45.0,"axis":"x","origin":[8.0,5.4351635,9.987701]},"faces":{"east":{"uv":[11.75,10.75,12.0625,11.0],"rotation":0,"texture":"#0","tintindex":0},"south":{"uv":[6.125,11.75,6.4375,12.0],"rotation":0,"texture":"#0","tintindex":0},"north":{"uv":[6.125,11.75,6.4375,12.0],"rotation":0,"texture":"#0","tintindex":0},"west":{"uv":[12.0625,10.75,11.75,11.0],"rotation":0,"texture":"#0","tintindex":0},"up":{"uv":[10.5,11.8125,10.8125,11.5],"rotation":0,"texture":"#0","tintindex":0},"down":{"uv":[10.8125,11.5,10.5,11.8125],"rotation":0,"texture":"#0","tintindex":0}}}],"display":{"head":{"translation":[0.0,-6.4,0.0],"scale":[4.0,4.0,4.0]}}}