{"textures":{"0":"modelengine:entity/ergeox"},"elements":[{"from":[7.8,5.6,-12.4],"to":[9.0,10.4,4.3999996],"rotation":{"angle":0.0,"axis":"y","origin":[8.396192,7.99525,7.9941325]},"faces":{"east":{"uv":[0.0,0.0,2.625,0.75],"rotation":0,"texture":"#0","tintindex":0},"south":{"uv":[6.8125,10.6875,7.0,11.4375],"rotation":0,"texture":"#0","tintindex":0},"north":{"uv":[7.0,10.6875,6.8125,11.4375],"rotation":0,"texture":"#0","tintindex":0},"west":{"uv":[2.625,0.0,0.0,0.75],"rotation":0,"texture":"#0","tintindex":0},"up":{"uv":[0.875,8.75,0.6875,6.125],"rotation":0,"texture":"#0","tintindex":0},"down":{"uv":[0.875,6.125,0.6875,8.75],"rotation":0,"texture":"#0","tintindex":0}}},{"from":[7.382624,3.2765403,6.1617317],"to":[9.387104,4.27878,7.1639714],"rotation":{"angle":45.0,"axis":"x","origin":[8.396192,7.99525,7.9941325]},"faces":{"east":{"uv":[9.6875,5.5625,9.875,5.75],"rotation":0,"texture":"#0","tintindex":0},"south":{"uv":[7.9375,0.5625,8.25,0.75],"rotation":0,"texture":"#0","tintindex":0},"north":{"uv":[7.9375,0.5625,8.25,0.75],"rotation":0,"texture":"#0","tintindex":0},"west":{"uv":[9.875,5.5625,9.6875,5.75],"rotation":0,"texture":"#0","tintindex":0},"up":{"uv":[10.4375,9.4375,10.25,9.125],"rotation":90,"texture":"#0","tintindex":0},"down":{"uv":[10.25,9.125,10.4375,9.4375],"rotation":270,"texture":"#0","tintindex":0}}},{"from":[7.382624,11.71172,6.1617317],"to":[9.387104,12.713961,7.1639714],"rotation":{"angle":-45.0,"axis":"x","origin":[8.396192,7.99525,7.9941325]},"faces":{"east":{"uv":[9.6875,5.75,9.875,5.5625],"rotation":0,"texture":"#0","tintindex":0},"south":{"uv":[7.9375,0.75,8.25,0.5625],"rotation":0,"texture":"#0","tintindex":0},"north":{"uv":[7.9375,0.75,8.25,0.5625],"rotation":0,"texture":"#0","tintindex":0},"west":{"uv":[9.875,5.75,9.6875,5.5625],"rotation":0,"texture":"#0","tintindex":0},"up":{"uv":[10.4375,9.125,10.25,9.4375],"rotation":270,"texture":"#0","tintindex":0},"down":{"uv":[10.25,9.4375,10.4375,9.125],"rotation":90,"texture":"#0","tintindex":0}}},{"from":[7.382624,-7.1720724,-7.188445],"to":[9.387104,-6.169832,-6.186205],"rotation":{"angle":45.0,"axis":"x","origin":[8.396192,7.99525,7.9941325]},"faces":{"east":{"uv":[9.6875,5.5625,9.875,5.75],"rotation":0,"texture":"#0","tintindex":0},"south":{"uv":[7.9375,0.5625,8.25,0.75],"rotation":0,"texture":"#0","tintindex":0},"north":{"uv":[7.9375,0.5625,8.25,0.75],"rotation":0,"texture":"#0","tintindex":0},"west":{"uv":[9.875,5.5625,9.6875,5.75],"rotation":0,"texture":"#0","tintindex":0},"up":{"uv":[10.4375,9.4375,10.25,9.125],"rotation":90,"texture":"#0","tintindex":0},"down":{"uv":[10.25,9.125,10.4375,9.4375],"rotation":270,"texture":"#0","tintindex":0}}},{"from":[7.382624,2.7274232,2.7110505],"to":[9.387104,3.7296634,3.7132902],"rotation":{"angle":45.0,"axis":"x","origin":[8.396192,7.99525,7.9941325]},"faces":{"east":{"uv":[9.6875,5.5625,9.875,5.75],"rotation":0,"texture":"#0","tintindex":0},"south":{"uv":[7.9375,0.5625,8.25,0.75],"rotation":0,"texture":"#0","tintindex":0},"north":{"uv":[7.9375,0.5625,8.25,0.75],"rotation":0,"texture":"#0","tintindex":0},"west":{"uv":[9.875,5.5625,9.6875,5.75],"rotation":0,"texture":"#0","tintindex":0},"up":{"uv":[10.4375,9.4375,10.25,9.125],"rotation":90,"texture":"#0","tintindex":0},"down":{"uv":[10.25,9.125,10.4375,9.4375],"rotation":270,"texture":"#0","tintindex":0}}},{"from":[7.18752,9.348571,4.2323427],"to":[9.62752,11.748571,6.632343],"rotation":{"angle":-45.0,"axis":"x","origin":[8.396192,7.99525,7.9941325]},"faces":{"east":{"uv":[10.9375,3.0,11.3125,3.375],"rotation":0,"texture":"#0","tintindex":0},"south":{"uv":[10.5,10.875,10.125,11.25],"rotation":0,"texture":"#0","tintindex":0},"north":{"uv":[10.125,10.875,10.5,11.25],"rotation":0,"texture":"#0","tintindex":0},"west":{"uv":[11.3125,3.0,10.9375,3.375],"rotation":0,"texture":"#0","tintindex":0},"up":{"uv":[5.625,11.3125,6.0,10.9375],"rotation":0,"texture":"#0","tintindex":0},"down":{"uv":[6.0,10.9375,5.625,11.3125],"rotation":0,"texture":"#0","tintindex":0}}},{"from":[7.2,10.554444,10.546609],"to":[9.6,12.554443,12.54661],"rotation":{"angle":45.0,"axis":"x","origin":[8.396192,7.99525,7.9941325]},"faces":{"east":{"uv":[11.5,3.3125,11.8125,3.625],"rotation":0,"texture":"#0","tintindex":0},"south":{"uv":[4.375,11.375,4.75,11.6875],"rotation":0,"texture":"#0","tintindex":0},"north":{"uv":[11.8125,0.375,11.4375,0.6875],"rotation":0,"texture":"#0","tintindex":0},"west":{"uv":[11.8125,3.3125,11.5,3.625],"rotation":0,"texture":"#0","tintindex":0},"up":{"uv":[4.75,11.6875,4.375,11.375],"rotation":0,"texture":"#0","tintindex":0},"down":{"uv":[11.8125,0.375,11.4375,0.6875],"rotation":0,"texture":"#0","tintindex":0}}},{"from":[7.2,6.8,10.0],"to":[9.6,9.2,11.6],"rotation":{"angle":0.0,"axis":"y","origin":[8.396192,7.99525,7.9941325]},"faces":{"east":{"uv":[7.1875,11.5625,7.4375,11.9375],"rotation":0,"texture":"#0","tintindex":0},"south":{"uv":[11.0625,0.375,11.4375,0.75],"rotation":0,"texture":"#0","tintindex":0},"north":{"uv":[11.0625,0.375,11.4375,0.75],"rotation":0,"texture":"#0","tintindex":0},"west":{"uv":[7.4375,11.5625,7.1875,11.9375],"rotation":0,"texture":"#0","tintindex":0},"up":{"uv":[2.25,5.125,1.875,4.875],"rotation":0,"texture":"#0","tintindex":0},"down":{"uv":[2.25,4.875,1.875,5.125],"rotation":0,"texture":"#0","tintindex":0}}},{"from":[7.2,6.8,4.4799995],"to":[9.6,9.2,6.08],"rotation":{"angle":0.0,"axis":"y","origin":[8.396192,7.99525,7.9941325]},"faces":{"east":{"uv":[7.1875,11.5625,7.4375,11.9375],"rotation":0,"texture":"#0","tintindex":0},"south":{"uv":[11.0625,0.375,11.4375,0.75],"rotation":0,"texture":"#0","tintindex":0},"north":{"uv":[11.0625,0.375,11.4375,0.75],"rotation":0,"texture":"#0","tintindex":0},"west":{"uv":[7.4375,11.5625,7.1875,11.9375],"rotation":0,"texture":"#0","tintindex":0},"up":{"uv":[2.25,5.125,1.875,4.875],"rotation":0,"texture":"#0","tintindex":0},"down":{"uv":[2.25,4.875,1.875,5.125],"rotation":0,"texture":"#0","tintindex":0}}},{"from":[7.6,7.2,4.0],"to":[9.2,8.8,13.200001],"rotation":{"angle":0.0,"axis":"y","origin":[8.396192,7.99525,7.9941325]},"faces":{"east":{"uv":[8.4375,5.75,9.875,6.0],"rotation":0,"texture":"#0","tintindex":0},"south":{"uv":[11.8125,9.6875,12.0625,9.9375],"rotation":0,"texture":"#0","tintindex":0},"north":{"uv":[11.8125,9.6875,12.0625,9.9375],"rotation":0,"texture":"#0","tintindex":0},"west":{"uv":[9.875,5.75,8.4375,6.0],"rotation":0,"texture":"#0","tintindex":0},"up":{"uv":[4.5,9.6875,4.25,8.25],"rotation":0,"texture":"#0","tintindex":0},"down":{"uv":[4.25,8.25,4.5,9.6875],"rotation":0,"texture":"#0","tintindex":0}}},{"from":[7.8,7.2,-15.200001],"to":[9.0,8.8,-12.4],"rotation":{"angle":0.0,"axis":"y","origin":[8.396192,7.99525,7.9941325]},"faces":{"east":{"uv":[1.4375,4.875,1.875,5.125],"rotation":0,"texture":"#0","tintindex":0},"south":{"uv":[1.375,10.125,1.1875,10.375],"rotation":0,"texture":"#0","tintindex":0},"north":{"uv":[1.1875,10.125,1.375,10.375],"rotation":0,"texture":"#0","tintindex":0},"west":{"uv":[1.875,4.875,1.4375,5.125],"rotation":0,"texture":"#0","tintindex":0},"up":{"uv":[10.875,2.4375,10.6875,2.0],"rotation":0,"texture":"#0","tintindex":0},"down":{"uv":[10.875,2.0,10.6875,2.4375],"rotation":0,"texture":"#0","tintindex":0}}},{"from":[7.84,23.365025,-7.837552],"to":[8.96,24.965025,-5.575553],"rotation":{"angle":-45.0,"axis":"x","origin":[8.396192,7.99525,7.9941325]},"faces":{"east":{"uv":[1.625,5.875,2.0,6.125],"rotation":0,"texture":"#0","tintindex":0},"south":{"uv":[10.4375,7.0,10.625,7.25],"rotation":0,"texture":"#0","tintindex":0},"north":{"uv":[10.625,7.0,10.4375,7.25],"rotation":0,"texture":"#0","tintindex":0},"west":{"uv":[2.0,5.875,1.625,6.125],"rotation":0,"texture":"#0","tintindex":0},"up":{"uv":[10.8125,2.0,11.0,1.625],"rotation":0,"texture":"#0","tintindex":0},"down":{"uv":[10.8125,1.625,11.0,2.0],"rotation":0,"texture":"#0","tintindex":0}}},{"from":[7.8,8.8,-13.6],"to":[9.0,10.4,-12.4],"rotation":{"angle":0.0,"axis":"y","origin":[8.396192,7.99525,7.9941325]},