{"textures":{"0":"modelengine:entity/ergeox"},"elements":[{"from":[7.8,-12.4,5.6],"to":[9.0,4.3999996,10.4],"rotation":{"angle":0.0,"axis":"y","origin":[8.396192,7.9941325,8.004749]},"faces":{"east":{"uv":[0.0,0.0,2.625,0.75],"rotation":90,"texture":"#0","tintindex":0},"south":{"uv":[0.875,6.125,0.6875,8.75],"rotation":0,"texture":"#0","tintindex":0},"north":{"uv":[0.875,8.75,0.6875,6.125],"rotation":180,"texture":"#0","tintindex":0},"west":{"uv":[2.625,0.0,0.0,0.75],"rotation":270,"texture":"#0","tintindex":0},"up":{"uv":[6.8125,10.6875,7.0,11.4375],"rotation":0,"texture":"#0","tintindex":0},"down":{"uv":[7.0,10.6875,6.8125,11.4375],"rotation":180,"texture":"#0","tintindex":0}}},{"from":[7.382624,6.1617317,11.72122],"to":[9.387104,7.1639714,12.723459],"rotation":{"angle":45.0,"axis":"x","origin":[8.396192,7.9941325,8.004749]},"faces":{"east":{"uv":[9.6875,5.5625,9.875,5.75],"rotation":90,"texture":"#0","tintindex":0},"south":{"uv":[10.25,9.125,10.4375,9.4375],"rotation":270,"texture":"#0","tintindex":0},"north":{"uv":[10.4375,9.4375,10.25,9.125],"rotation":270,"texture":"#0","tintindex":0},"west":{"uv":[9.875,5.5625,9.6875,5.75],"rotation":270,"texture":"#0","tintindex":0},"up":{"uv":[7.9375,0.5625,8.25,0.75],"rotation":0,"texture":"#0","tintindex":0},"down":{"uv":[7.9375,0.5625,8.25,0.75],"rotation":180,"texture":"#0","tintindex":0}}},{"from":[7.382624,6.1617317,3.2860394],"to":[9.387104,7.1639714,4.2882795],"rotation":{"angle":-45.0,"axis":"x","origin":[8.396192,7.9941325,8.004749]},"faces":{"east":{"uv":[9.6875,5.75,9.875,5.5625],"rotation":90,"texture":"#0","tintindex":0},"south":{"uv":[10.25,9.4375,10.4375,9.125],"rotation":90,"texture":"#0","tintindex":0},"north":{"uv":[10.4375,9.125,10.25,9.4375],"rotation":90,"texture":"#0","tintindex":0},"west":{"uv":[9.875,5.75,9.6875,5.5625],"rotation":270,"texture":"#0","tintindex":0},"up":{"uv":[7.9375,0.75,8.25,0.5625],"rotation":0,"texture":"#0","tintindex":0},"down":{"uv":[7.9375,0.75,8.25,0.5625],"rotation":180,"texture":"#0","tintindex":0}}},{"from":[7.382624,-7.188445,22.169832],"to":[9.387104,-6.186205,23.172073],"rotation":{"angle":45.0,"axis":"x","origin":[8.396192,7.9941325,8.004749]},"faces":{"east":{"uv":[9.6875,5.5625,9.875,5.75],"rotation":90,"texture":"#0","tintindex":0},"south":{"uv":[10.25,9.125,10.4375,9.4375],"rotation":270,"texture":"#0","tintindex":0},"north":{"uv":[10.4375,9.4375,10.25,9.125],"rotation":270,"texture":"#0","tintindex":0},"west":{"uv":[9.875,5.5625,9.6875,5.75],"rotation":270,"texture":"#0","tintindex":0},"up":{"uv":[7.9375,0.5625,8.25,0.75],"rotation":0,"texture":"#0","tintindex":0},"down":{"uv":[7.9375,0.5625,8.25,0.75],"rotation":180,"texture":"#0","tintindex":0}}},{"from":[7.382624,2.7110505,12.270336],"to":[9.387104,3.7132902,13.272577],"rotation":{"angle":45.0,"axis":"x","origin":[8.396192,7.9941325,8.004749]},"faces":{"east":{"uv":[9.6875,5.5625,9.875,5.75],"rotation":90,"texture":"#0","tintindex":0},"south":{"uv":[10.25,9.125,10.4375,9.4375],"rotation":270,"texture":"#0","tintindex":0},"north":{"uv":[10.4375,9.4375,10.25,9.125],"rotation":270,"texture":"#0","tintindex":0},"west":{"uv":[9.875,5.5625,9.6875,5.75],"rotation":270,"texture":"#0","tintindex":0},"up":{"uv":[7.9375,0.5625,8.25,0.75],"rotation":0,"texture":"#0","tintindex":0},"down":{"uv":[7.9375,0.5625,8.25,0.75],"rotation":180,"texture":"#0","tintindex":0}}},{"from":[7.18752,4.2323427,4.2514286],"to":[9.62752,6.632343,6.651429],"rotation":{"angle":-45.0,"axis":"x","origin":[8.396192,7.9941325,8.004749]},"faces":{"east":{"uv":[10.9375,3.0,11.3125,3.375],"rotation":90,"texture":"#0","tintindex":0},"south":{"uv":[6.0,10.9375,5.625,11.3125],"rotation":0,"texture":"#0","tintindex":0},"north":{"uv":[5.625,11.3125,6.0,10.9375],"rotation":180,"texture":"#0","tintindex":0},"west":{"uv":[11.3125,3.0,10.9375,3.375],"rotation":270,"texture":"#0","tintindex":0},"up":{"uv":[10.5,10.875,10.125,11.25],"rotation":0,"texture":"#0","tintindex":0},"down":{"uv":[10.125,10.875,10.5,11.25],"rotation":180,"texture":"#0","tintindex":0}}},{"from":[7.2,10.546609,3.4455562],"to":[9.6,12.54661,5.4455557],"rotation":{"angle":45.0,"axis":"x","origin":[8.396192,7.9941325,8.004749]},"faces":{"east":{"uv":[11.5,3.3125,11.8125,3.625],"rotation":90,"texture":"#0","tintindex":0},"south":{"uv":[11.8125,0.375,11.4375,0.6875],"rotation":0,"texture":"#0","tintindex":0},"north":{"uv":[4.75,11.6875,4.375,11.375],"rotation":180,"texture":"#0","tintindex":0},"west":{"uv":[11.8125,3.3125,11.5,3.625],"rotation":270,"texture":"#0","tintindex":0},"up":{"uv":[4.375,11.375,4.75,11.6875],"rotation":0,"texture":"#0","tintindex":0},"down":{"uv":[11.8125,0.375,11.4375,0.6875],"rotation":180,"texture":"#0","tintindex":0}}},{"from":[7.2,10.0,6.8],"to":[9.6,11.6,9.2],"rotation":{"angle":0.0,"axis":"y","origin":[8.396192,7.9941325,8.004749]},"faces":{"east":{"uv":[7.1875,11.5625,7.4375,11.9375],"rotation":90,"texture":"#0","tintindex":0},"south":{"uv":[2.25,4.875,1.875,5.125],"rotation":0,"texture":"#0","tintindex":0},"north":{"uv":[2.25,5.125,1.875,4.875],"rotation":180,"texture":"#0","tintindex":0},"west":{"uv":[7.4375,11.5625,7.1875,11.9375],"rotation":270,"texture":"#0","tintindex":0},"up":{"uv":[11.0625,0.375,11.4375,0.75],"rotation":0,"texture":"#0","tintindex":0},"down":{"uv":[11.0625,0.375,11.4375,0.75],"rotation":180,"texture":"#0","tintindex":0}}},{"from":[7.2,4.4799995,6.8],"to":[9.6,6.08,9.2],"rotation":{"angle":0.0,"axis":"y","origin":[8.396192,7.9941325,8.004749]},"faces":{"east":{"uv":[7.1875,11.5625,7.4375,11.9375],"rotation":90,"texture":"#0","tintindex":0},"south":{"uv":[2.25,4.875,1.875,5.125],"rotation":0,"texture":"#0","tintindex":0},"north":{"uv":[2.25,5.125,1.875,4.875],"rotation":180,"texture":"#0","tintindex":0},"west":{"uv":[7.4375,11.5625,7.1875,11.9375],"rotation":270,"texture":"#0","tintindex":0},"up":{"uv":[11.0625,0.375,11.4375,0.75],"rotation":0,"texture":"#0","tintindex":0},"down":{"uv":[11.0625,0.375,11.4375,0.75],"rotation":180,"texture":"#0","tintindex":0}}},{"from":[7.6,4.0,7.2],"to":[9.2,13.200001,8.8],"rotation":{"angle":0.0,"axis":"y","origin":[8.396192,7.9941325,8.004749]},"faces":{"east":{"uv":[8.4375,5.75,9.875,6.0],"rotation":90,"texture":"#0","tintindex":0},"south":{"uv":[4.25,8.25,4.5,9.6875],"rotation":0,"texture":"#0","tintindex":0},"north":{"uv":[4.5,9.6875,4.25,8.25],"rotation":180,"texture":"#0","tintindex":0},"west":{"uv":[9.875,5.75,8.4375,6.0],"rotation":270,"texture":"#0","tintindex":0},"up":{"uv":[11.8125,9.6875,12.0625,9.9375],"rotation":0,"texture":"#0","tintindex":0},"down":{"uv":[11.8125,9.6875,12.0625,9.9375],"rotation":180,"texture":"#0","tintindex":0}}},{"from":[7.8,-15.200001,7.2],"to":[9.0,-12.4,8.8],"rotation":{"angle":0.0,"axis":"y","origin":[8.396192,7.9941325,8.004749]},"faces":{"east":{"uv":[1.4375,4.875,1.875,5.125],"rotation":90,"texture":"#0","tintindex":0},"south":{"uv":[10.875,2.0,10.6875,2.4375],"rotation":0,"texture":"#0","tintindex":0},"north":{"uv":[10.875,2.4375,10.6875,2.0],"rotation":180,"texture":"#0","tintindex":0},"west":{"uv":[1.875,4.875,1.4375,5.125],"rotation":270,"texture":"#0","tintindex":0},"up":{"uv":[1.375,10.125,1.1875,10.375],"rotation":0,"texture":"#0","tintindex":0},"down":{"uv":[1.1875,10.125,1.375,10.375],"rotation":180,"texture":"#0","tintindex":0}}},{"from":[7.84,-7.837552,-8.965025],"to":[8.96,-5.575553,-7.3650236],"rotation":{"angle":-45.0,"axis":"x","origin":[8.396192,7.9941325,8.004749]},"faces":{"east":{"uv":[1.625,5.875,2.0,6.125],"rotation":90,"texture":"#0","tintindex":0},"south":{"uv":[10.8125,1.625,11.0,2.0],"rotation":0,"texture":"#0","tintindex":0},"north":{"uv":[10.8125,2.0,11.0,1.625],"rotation":180,"texture":"#0","tintindex":0},"west":{"uv":[2.0,5.875,1.625,6.125],"rotation":270,"texture":"#0","tintindex":0},"up":{"uv":[10.4375,7.0,10.625,7.25],"rotation":0,"texture":"#0","tintindex":0},"down":{"uv":[10.625,7.0,10.4375,7.25],"rotation":180,"texture":"#0","tintindex":0}}},{"from":[7.8,-13.6,5.6],"to":[9.0,-12.4,7.2],"rotation":{"angle":0.0,