{"textures":{"0":"modelengine:entity/ergeox"},"elements":[{"from":[6.990476,3.6196985,7.70825],"to":[10.419047,6.476842,10.565393],"rotation":{"angle":22.5,"axis":"x","origin":[8.561905,5.0247297,12.904501]},"faces":{"east":{"uv":[11.5,5.5625,11.8125,5.875],"rotation":0,"texture":"#0","tintindex":0},"south":{"uv":[4.0,11.4375,3.625,11.75],"rotation":0,"texture":"#0","tintindex":0},"north":{"uv":[4.0,11.4375,3.625,11.75],"rotation":0,"texture":"#0","tintindex":0},"west":{"uv":[11.8125,5.5625,11.5,5.875],"rotation":0,"texture":"#0","tintindex":0},"up":{"uv":[4.0,11.75,4.375,11.4375],"rotation":0,"texture":"#0","tintindex":0},"down":{"uv":[4.0,11.4375,4.375,11.75],"rotation":0,"texture":"#0","tintindex":0}}},{"from":[6.4190474,3.0011888,10.586464],"to":[10.419047,7.001189,20.872179],"rotation":{"angle":22.5,"axis":"x","origin":[8.561905,5.0247297,12.904501]},"faces":{"east":{"uv":[7.125,0.75,8.25,1.1875],"rotation":0,"texture":"#0","tintindex":0},"south":{"uv":[4.125,11.0625,4.5625,10.625],"rotation":0,"texture":"#0","tintindex":0},"north":{"uv":[4.125,10.625,4.5625,11.0625],"rotation":0,"texture":"#0","tintindex":0},"west":{"uv":[8.25,0.75,7.125,1.1875],"rotation":0,"texture":"#0","tintindex":0},"up":{"uv":[2.0625,8.25,2.5,7.125],"rotation":0,"texture":"#0","tintindex":0},"down":{"uv":[2.0625,7.125,2.5,8.25],"rotation":0,"texture":"#0","tintindex":0}}},{"from":[5.847619,2.4297605,15.157892],"to":[10.990477,7.572618,17.443607],"rotation":{"angle":22.5,"axis":"x","origin":[8.561905,5.0247297,12.904501]},"faces":{"east":{"uv":[5.8125,9.0625,6.0625,9.625],"rotation":0,"texture":"#0","tintindex":0},"south":{"uv":[9.4375,0.5625,8.875,1.125],"rotation":0,"texture":"#0","tintindex":0},"north":{"uv":[9.4375,0.5625,8.875,1.125],"rotation":0,"texture":"#0","tintindex":0},"west":{"uv":[6.0625,9.0625,5.8125,9.625],"rotation":0,"texture":"#0","tintindex":0},"up":{"uv":[9.125,6.6875,9.6875,6.4375],"rotation":0,"texture":"#0","tintindex":0},"down":{"uv":[9.125,6.4375,9.6875,6.6875],"rotation":0,"texture":"#0","tintindex":0}}}],"display":{"head":{"translation":[0.0,-6.4,0.0],"scale":[4.0,4.0,4.0]}}}