{"textures":{"0":"modelengine:entity/ergeox"},"elements":[{"from":[5.5809717,3.6197224,7.7082705],"to":[9.009543,6.4768653,10.565413],"rotation":{"angle":22.5,"axis":"x","origin":[7.4381146,5.0247536,12.90452]},"faces":{"east":{"uv":[11.5,5.5625,11.8125,5.875],"rotation":0,"texture":"#0","tintindex":0},"south":{"uv":[3.625,11.4375,4.0,11.75],"rotation":0,"texture":"#0","tintindex":0},"north":{"uv":[3.625,11.4375,4.0,11.75],"rotation":0,"texture":"#0","tintindex":0},"west":{"uv":[11.8125,5.5625,11.5,5.875],"rotation":0,"texture":"#0","tintindex":0},"up":{"uv":[4.375,11.75,4.0,11.4375],"rotation":0,"texture":"#0","tintindex":0},"down":{"uv":[4.375,11.4375,4.0,11.75],"rotation":0,"texture":"#0","tintindex":0}}},{"from":[5.5809717,3.001213,10.586484],"to":[9.580972,7.001213,20.8722],"rotation":{"angle":22.5,"axis":"x","origin":[7.4381146,5.0247536,12.90452]},"faces":{"east":{"uv":[7.125,0.75,8.25,1.1875],"rotation":0,"texture":"#0","tintindex":0},"south":{"uv":[4.125,11.0625,4.5625,10.625],"rotation":0,"texture":"#0","tintindex":0},"north":{"uv":[4.5625,10.625,4.125,11.0625],"rotation":0,"texture":"#0","tintindex":0},"west":{"uv":[8.25,0.75,7.125,1.1875],"rotation":0,"texture":"#0","tintindex":0},"up":{"uv":[2.5,8.25,2.0625,7.125],"rotation":0,"texture":"#0","tintindex":0},"down":{"uv":[2.5,7.125,2.0625,8.25],"rotation":0,"texture":"#0","tintindex":0}}},{"from":[5.009543,2.4297843,15.157913],"to":[10.1524,7.5726414,17.443628],"rotation":{"angle":22.5,"axis":"x","origin":[7.4381146,5.0247536,12.90452]},"faces":{"east":{"uv":[5.8125,9.0625,6.0625,9.625],"rotation":0,"texture":"#0","tintindex":0},"south":{"uv":[8.875,0.5625,9.4375,1.125],"rotation":0,"texture":"#0","tintindex":0},"north":{"uv":[8.875,0.5625,9.4375,1.125],"rotation":0,"texture":"#0","tintindex":0},"west":{"uv":[6.0625,9.0625,5.8125,9.625],"rotation":0,"texture":"#0","tintindex":0},"up":{"uv":[9.6875,6.6875,9.125,6.4375],"rotation":0,"texture":"#0","tintindex":0},"down":{"uv":[9.6875,6.4375,9.125,6.6875],"rotation":0,"texture":"#0","tintindex":0}}}],"display":{"head":{"translation":[0.0,-6.4,0.0],"scale":[4.0,4.0,4.0]}}}